date,pcr_tests_PIMA,pcr_pos_tests_PIMA,pcr_positivity_PIMA,ser_tests_PIMA,ser_pos_tests_PIMA,ser_positivity_PIMA
2021-03-10 00:00:00,15,1,0.0666666666666667,,,
2021-03-09 00:00:00,1683,53,0.0314913844325609,1.0,0.0,0
2021-03-08 00:00:00,5260,126,0.0239543726235741,53.0,27.0,0.509433962264151
2021-03-07 00:00:00,1612,63,0.0390818858560794,2.0,2.0,1
2021-03-06 00:00:00,1771,82,0.0463015245623941,10.0,7.0,0.7
2021-03-05 00:00:00,5517,126,0.0228384991843393,91.0,38.0,0.4175824175824176
2021-03-04 00:00:00,6273,157,0.0250278973377969,77.0,33.0,0.4285714285714286
2021-03-03 00:00:00,6079,160,0.026320118440533,85.0,38.0,0.4470588235294118
2021-03-02 00:00:00,6799,162,0.0238270333872628,89.0,41.0,0.4606741573033708
2021-03-01 00:00:00,8569,181,0.0211226514179017,73.0,28.0,0.3835616438356164
2021-02-28 00:00:00,1771,81,0.0457368718238283,3.0,1.0,0.3333333333333333
2021-02-27 00:00:00,1760,106,0.0602272727272727,8.0,3.0,0.375
2021-02-26 00:00:00,5972,169,0.0282987273945077,80.0,28.0,0.35
2021-02-25 00:00:00,6434,173,0.0268884053465962,61.0,34.0,0.5573770491803278
2021-02-24 00:00:00,6618,175,0.0264430341492898,93.0,27.0,0.2903225806451613
2021-02-23 00:00:00,6732,167,0.0248068924539513,108.0,46.0,0.425925925925926
2021-02-22 00:00:00,8907,225,0.0252610306500505,77.0,22.0,0.2857142857142857
2021-02-21 00:00:00,2185,127,0.0581235697940504,10.0,7.0,0.7
2021-02-20 00:00:00,2213,181,0.0817894261183913,7.0,2.0,0.2857142857142857
2021-02-19 00:00:00,7044,241,0.034213515048268,107.0,33.0,0.308411214953271
2021-02-18 00:00:00,7386,244,0.03303547251557,90.0,36.0,0.4
2021-02-17 00:00:00,6675,302,0.0452434456928839,74.0,27.0,0.3648648648648649
2021-02-16 00:00:00,8270,280,0.033857315598549,90.0,37.0,0.4111111111111111
2021-02-15 00:00:00,8025,280,0.0348909657320872,103.0,36.0,0.3495145631067962
2021-02-14 00:00:00,2010,149,0.0741293532338309,13.0,5.0,0.3846153846153847
2021-02-13 00:00:00,2439,255,0.1045510455104551,19.0,6.0,0.3157894736842105
2021-02-12 00:00:00,7529,373,0.0495417718156462,127.0,49.0,0.3858267716535433
2021-02-11 00:00:00,8296,334,0.0402603664416586,115.0,51.0,0.4434782608695652
2021-02-10 00:00:00,8578,458,0.0533923991606435,117.0,54.0,0.4615384615384616
2021-02-09 00:00:00,8971,407,0.0453684093189165,121.0,47.0,0.3884297520661157
2021-02-08 00:00:00,9001,457,0.0507721364292856,151.0,61.0,0.4039735099337749
2021-02-07 00:00:00,2315,237,0.1023758099352052,10.0,3.0,0.3
2021-02-06 00:00:00,2893,292,0.1009332872450743,27.0,7.0,0.2592592592592593
2021-02-05 00:00:00,8325,538,0.0646246246246246,167.0,58.0,0.3473053892215569
2021-02-04 00:00:00,7740,525,0.0678294573643411,135.0,58.0,0.4296296296296297
2021-02-03 00:00:00,6808,422,0.0619858989424207,154.0,65.0,0.4220779220779221
2021-02-02 00:00:00,9165,633,0.0690671031096563,157.0,68.0,0.4331210191082803
2021-02-01 00:00:00,10585,731,0.0690599905526689,154.0,63.0,0.4090909090909091
2021-01-31 00:00:00,2944,336,0.1141304347826087,8.0,2.0,0.25
2021-01-30 00:00:00,3454,503,0.1456282570932253,15.0,4.0,0.2666666666666667
2021-01-29 00:00:00,8838,732,0.0828241683638832,122.0,68.0,0.5573770491803278
2021-01-28 00:00:00,8457,725,0.0857277994560719,105.0,41.0,0.3904761904761905
2021-01-27 00:00:00,8811,849,0.0963568266939053,121.0,49.0,0.4049586776859504
2021-01-26 00:00:00,9199,777,0.0844657027937819,141.0,71.0,0.5035460992907802
2021-01-25 00:00:00,11483,959,0.083514760950971,107.0,45.0,0.4205607476635514
2021-01-24 00:00:00,3417,459,0.1343283582089552,8.0,4.0,0.5
2021-01-23 00:00:00,3790,638,0.1683377308707124,14.0,6.0,0.4285714285714286
2021-01-22 00:00:00,10183,1196,0.1174506530491997,97.0,37.0,0.3814432989690722
2021-01-21 00:00:00,10634,1031,0.0969531690803085,118.0,36.0,0.3050847457627119
2021-01-20 00:00:00,9260,1160,0.1252699784017279,100.0,24.0,0.24
2021-01-19 00:00:00,10336,1275,0.1233552631578947,117.0,38.0,0.3247863247863248
2021-01-18 00:00:00,8215,775,0.0943396226415094,109.0,36.0,0.3302752293577982
2021-01-17 00:00:00,4801,738,0.1537179754217872,31.0,8.0,0.2580645161290323
2021-01-16 00:00:00,5112,975,0.1907276995305164,14.0,6.0,0.4285714285714286
2021-01-15 00:00:00,9605,1256,0.1307652264445601,120.0,42.0,0.35
2021-01-14 00:00:00,9036,1120,0.1239486498450642,115.0,23.0,0.2
2021-01-13 00:00:00,9141,1347,0.1473580571053495,155.0,26.0,0.167741935483871
2021-01-12 00:00:00,11236,1398,0.1244215023139908,218.0,31.0,0.1422018348623853
2021-01-11 00:00:00,12345,1512,0.1224787363304982,206.0,45.0,0.2184466019417476
2021-01-10 00:00:00,5687,940,0.1652892561983471,11.0,3.0,0.2727272727272727
2021-01-09 00:00:00,5991,1044,0.1742613920881322,10.0,6.0,0.6
2021-01-08 00:00:00,10696,1444,0.1350037397157816,230.0,37.0,0.1608695652173913
2021-01-07 00:00:00,9697,1455,0.1500464061049809,245.0,40.0,0.163265306122449
2021-01-06 00:00:00,10699,1626,0.151976820263576,230.0,32.0,0.1391304347826087
2021-01-05 00:00:00,11319,1838,0.1623818358512236,226.0,29.0,0.1283185840707965
2021-01-04 00:00:00,12458,1985,0.1593353668325574,253.0,33.0,0.1304347826086957
2021-01-03 00:00:00,4954,1045,0.210940654016956,4.0,0.0,0
2021-01-02 00:00:00,5241,1193,0.2276283152070216,8.0,1.0,0.125
2021-01-01 00:00:00,1719,308,0.179173938336242,3.0,1.0,0.3333333333333333
2020-12-31 00:00:00,8413,1456,0.1730654938785213,70.0,21.0,0.3
2020-12-30 00:00:00,9779,1677,0.1714899273954392,110.0,40.0,0.3636363636363637
2020-12-29 00:00:00,9557,1648,0.17243904991106,80.0,26.0,0.325
2020-12-28 00:00:00,11432,1918,0.1677746675997201,108.0,30.0,0.2777777777777778
2020-12-27 00:00:00,4678,975,0.2084224027362121,6.0,2.0,0.3333333333333333
2020-12-26 00:00:00,4591,1099,0.2393813983881508,5.0,2.0,0.4
2020-12-25 00:00:00,843,176,0.2087781731909846,3.0,0.0,0
2020-12-24 00:00:00,5011,673,0.1343045300339254,39.0,8.0,0.2051282051282051
2020-12-23 00:00:00,8977,1199,0.133563551297761,126.0,28.0,0.2222222222222222
2020-12-22 00:00:00,10533,1521,0.1444033039020222,155.0,28.0,0.1806451612903226
2020-12-21 00:00:00,12610,1664,0.131958762886598,221.0,38.0,0.1719457013574661
2020-12-20 00:00:00,4254,668,0.1570286788904561,7.0,1.0,0.1428571428571429
2020-12-19 00:00:00,6023,1292,0.2145110410094637,16.0,6.0,0.375
2020-12-18 00:00:00,10744,1598,0.1487341772151899,155.0,24.0,0.1548387096774194
2020-12-17 00:00:00,10464,1543,0.1474579510703364,170.0,22.0,0.1294117647058824
2020-12-16 00:00:00,10066,1526,0.1515994436717663,152.0,28.0,0.1842105263157895
2020-12-15 00:00:00,9057,1251,0.1381252070221928,147.0,26.0,0.1768707482993197
2020-12-14 00:00:00,12879,1603,0.124466185262831,167.0,25.0,0.1497005988023952
2020-12-13 00:00:00,4200,690,0.1642857142857143,9.0,3.0,0.3333333333333333
2020-12-12 00:00:00,3911,876,0.2239836358987471,9.0,2.0,0.2222222222222222
2020-12-11 00:00:00,9253,1478,0.1597319788176808,197.0,27.0,0.1370558375634518
2020-12-10 00:00:00,9951,1394,0.1400864234750277,139.0,17.0,0.1223021582733813
2020-12-09 00:00:00,9403,1395,0.1483569073699883,142.0,27.0,0.1901408450704225
2020-12-08 00:00:00,9312,1290,0.1385309278350516,154.0,22.0,0.1428571428571429
2020-12-07 00:00:00,10774,1397,0.1296640059402265,175.0,20.0,0.1142857142857143
2020-12-06 00:00:00,3643,621,0.1704639033763382,6.0,1.0,0.1666666666666667
2020-12-05 00:00:00,4231,868,0.2051524462302056,12.0,3.0,0.25
2020-12-04 00:00:00,9846,1252,0.1271582368474507,179.0,24.0,0.1340782122905028
2020-12-03 00:00:00,9145,1143,0.1249863313285949,175.0,17.0,0.0971428571428571
2020-12-02 00:00:00,8411,1152,0.1369635001783379,210.0,36.0,0.1714285714285714
2020-12-01 00:00:00,8212,1068,0.130053580126644,170.0,21.0,0.1235294117647059
2020-11-30 00:00:00,10236,1158,0.1131301289566237,217.0,28.0,0.1290322580645161
2020-11-29 00:00:00,3439,516,0.1500436173306194,52.0,4.0,0.0769230769230769
2020-11-28 00:00:00,3878,624,0.1609076843733884,61.0,4.0,0.0655737704918033
2020-11-27 00:00:00,4657,530,0.1138071719991411,56.0,5.0,0.0892857142857143
2020-11-26 00:00:00,1128,150,0.1329787234042553,16.0,2.0,0.125
2020-11-25 00:00:00,8174,776,0.0949351602642525,196.0,19.0,0.0969387755102041
2020-11-24 00:00:00,9101,767,0.0842764531370179,142.0,9.0,0.0633802816901409
2020-11-23 00:00:00,10268,937,0.0912543825477211,192.0,27.0,0.140625
2020-11-22 00:00:00,3283,321,0.0977764240024368,27.0,3.0,0.1111111111111111
2020-11-21 00:00:00,3703,431,0.1163921145017553,58.0,5.0,0.0862068965517241
2020-11-20 00:00:00,8293,644,0.0776558543349813,186.0,17.0,0.0913978494623656
2020-11-19 00:00:00,8268,782,0.094581519109821,171.0,21.0,0.1228070175438597
2020-11-18 00:00:00,7782,673,0.0864816242611154,138.0,13.0,0.0942028985507246
2020-11-17 00:00:00,7744,630,0.081353305785124,198.0,19.0,0.095959595959596
2020-11-16 00:00:00,7583,651,0.0858499274693393,210.0,14.0,0.0666666666666667
2020-11-15 00:00:00,3756,310,0.0825346112886049,91.0,5.0,0.0549450549450549
2020-11-14 00:00:00,3526,405,0.1148610323312536,66.0,8.0,0.1212121212121212
2020-11-13 00:00:00,6501,422,0.064913090293801,240.0,9.0,0.0375
2020-11-12 00:00:00,6051,427,0.0705668484548009,208.0,17.0,0.0817307692307692
2020-11-11 00:00:00,4498,337,0.0749221876389506,66.0,11.0,0.1666666666666667
2020-11-10 00:00:00,6731,453,0.067300549695439,169.0,11.0,0.0650887573964497
2020-11-09 00:00:00,6910,497,0.0719247467438495,147.0,7.0,0.0476190476190476
2020-11-08 00:00:00,2401,192,0.0799666805497709,67.0,4.0,0.0597014925373134
2020-11-07 00:00:00,2443,246,0.1006958657388457,89.0,6.0,0.0674157303370787
2020-11-06 00:00:00,5925,452,0.0762869198312236,156.0,15.0,0.0961538461538462
2020-11-05 00:00:00,5989,423,0.0706294873935549,143.0,8.0,0.0559440559440559
2020-11-04 00:00:00,5974,398,0.0666220287914295,89.0,15.0,0.1685393258426966
2020-11-03 00:00:00,6097,310,0.0508446777103494,101.0,9.0,0.0891089108910891
2020-11-02 00:00:00,6276,342,0.0544933078393882,116.0,9.0,0.0775862068965517
2020-11-01 00:00:00,2229,142,0.0637056976222521,68.0,2.0,0.0294117647058824
2020-10-31 00:00:00,2065,127,0.061501210653753,70.0,3.0,0.0428571428571429
2020-10-30 00:00:00,4849,298,0.0614559703031553,198.0,9.0,0.0454545454545455
2020-10-29 00:00:00,4985,237,0.047542627883651,92.0,11.0,0.1195652173913044
2020-10-28 00:00:00,4582,233,0.050851156700131,95.0,6.0,0.0631578947368421
2020-10-27 00:00:00,4971,276,0.0555220277610139,132.0,8.0,0.0606060606060606
2020-10-26 00:00:00,4979,169,0.0339425587467363,186.0,16.0,0.0860215053763441
2020-10-25 00:00:00,1593,78,0.0489642184557439,84.0,5.0,0.0595238095238095
2020-10-24 00:00:00,1711,136,0.0794856808883694,82.0,5.0,0.0609756097560976
2020-10-23 00:00:00,4321,164,0.0379541772737792,182.0,14.0,0.0769230769230769
2020-10-22 00:00:00,4451,196,0.044035048303752,129.0,14.0,0.1085271317829457
2020-10-21 00:00:00,4584,195,0.0425392670157068,58.0,9.0,0.1551724137931035
2020-10-20 00:00:00,4490,160,0.0356347438752784,181.0,8.0,0.0441988950276243
2020-10-19 00:00:00,4639,150,0.0323345548609614,158.0,14.0,0.0886075949367089
2020-10-18 00:00:00,1502,74,0.0492676431424767,64.0,4.0,0.0625
2020-10-17 00:00:00,1605,76,0.0473520249221184,80.0,2.0,0.025
2020-10-16 00:00:00,3440,105,0.0305232558139535,184.0,7.0,0.0380434782608696
2020-10-15 00:00:00,3813,91,0.023865722528193,150.0,10.0,0.0666666666666667
2020-10-14 00:00:00,4062,116,0.0285573609059577,118.0,14.0,0.1186440677966102
2020-10-13 00:00:00,3426,69,0.0201401050788091,144.0,6.0,0.0416666666666667
2020-10-12 00:00:00,3944,98,0.0248478701825558,174.0,16.0,0.0919540229885058
2020-10-11 00:00:00,1282,71,0.0553822152886115,65.0,4.0,0.0615384615384615
2020-10-10 00:00:00,1474,48,0.0325644504748982,94.0,0.0,0
2020-10-09 00:00:00,3693,96,0.0259951259138911,212.0,18.0,0.0849056603773585
2020-10-08 00:00:00,3157,84,0.0266075388026608,145.0,17.0,0.1172413793103448
2020-10-07 00:00:00,4374,87,0.0198902606310014,106.0,10.0,0.0943396226415094
2020-10-06 00:00:00,4498,84,0.0186749666518453,214.0,12.0,0.0560747663551402
2020-10-05 00:00:00,4281,114,0.0266292922214436,206.0,13.0,0.0631067961165049
2020-10-04 00:00:00,1203,36,0.029925187032419,48.0,0.0,0
2020-10-03 00:00:00,1113,43,0.0386343216531896,77.0,1.0,0.012987012987013
2020-10-02 00:00:00,3672,88,0.0239651416122004,182.0,7.0,0.0384615384615385
2020-10-01 00:00:00,3944,121,0.0306795131845842,179.0,15.0,0.0837988826815642
2020-09-30 00:00:00,3672,91,0.0247821350762527,112.0,8.0,0.0714285714285714
2020-09-29 00:00:00,3796,74,0.0194942044257113,179.0,22.0,0.1229050279329609
2020-09-28 00:00:00,4049,109,0.0269202272165967,209.0,19.0,0.0909090909090909
2020-09-27 00:00:00,1166,30,0.0257289879931389,77.0,6.0,0.0779220779220779
2020-09-26 00:00:00,930,29,0.0311827956989247,82.0,4.0,0.0487804878048781
2020-09-25 00:00:00,3212,80,0.024906600249066,255.0,11.0,0.0431372549019608
2020-09-24 00:00:00,3024,80,0.0264550264550265,156.0,6.0,0.0384615384615385
2020-09-23 00:00:00,3780,108,0.0285714285714286,145.0,8.0,0.0551724137931035
2020-09-22 00:00:00,5405,118,0.021831637372803,206.0,14.0,0.0679611650485437
2020-09-21 00:00:00,5565,210,0.0377358490566038,275.0,15.0,0.0545454545454545
2020-09-20 00:00:00,1291,39,0.0302091402013943,69.0,7.0,0.1014492753623189
2020-09-19 00:00:00,869,26,0.0299194476409666,59.0,5.0,0.0847457627118644
2020-09-18 00:00:00,3056,145,0.0474476439790576,244.0,16.0,0.0655737704918033
2020-09-17 00:00:00,3189,162,0.0507996237064911,160.0,15.0,0.09375
2020-09-16 00:00:00,3939,265,0.0672759583650673,165.0,12.0,0.0727272727272727
2020-09-15 00:00:00,4461,283,0.0634386908764851,181.0,9.0,0.0497237569060773
2020-09-14 00:00:00,4810,315,0.0654885654885655,212.0,8.0,0.0377358490566038
2020-09-13 00:00:00,1018,45,0.0442043222003929,56.0,1.0,0.0178571428571429
2020-09-12 00:00:00,1132,91,0.0803886925795053,75.0,3.0,0.04
2020-09-11 00:00:00,3600,155,0.0430555555555556,228.0,8.0,0.0350877192982456
2020-09-10 00:00:00,4313,216,0.0500811500115929,192.0,14.0,0.0729166666666667
2020-09-09 00:00:00,4604,198,0.0430060816681147,163.0,20.0,0.1226993865030675
2020-09-08 00:00:00,5389,288,0.0534421970681017,247.0,18.0,0.0728744939271255
2020-09-07 00:00:00,709,22,0.0310296191819464,82.0,3.0,0.0365853658536585
2020-09-06 00:00:00,779,31,0.0397946084724005,67.0,6.0,0.0895522388059702
2020-09-05 00:00:00,621,32,0.0515297906602254,85.0,2.0,0.0235294117647059
2020-09-04 00:00:00,3604,133,0.0369034406215316,266.0,17.0,0.0639097744360902
2020-09-03 00:00:00,3919,183,0.0466955856085736,142.0,11.0,0.0774647887323944
2020-09-02 00:00:00,4917,308,0.0626398210290828,113.0,9.0,0.079646017699115
2020-09-01 00:00:00,4364,213,0.0488084326306141,165.0,13.0,0.0787878787878788
2020-08-31 00:00:00,3203,163,0.0508897908211052,200.0,17.0,0.085
2020-08-30 00:00:00,881,27,0.0306469920544835,67.0,3.0,0.0447761194029851
2020-08-29 00:00:00,913,54,0.0591456736035049,83.0,5.0,0.0602409638554217
2020-08-28 00:00:00,2722,118,0.0433504775900074,216.0,17.0,0.0787037037037037
2020-08-27 00:00:00,2718,106,0.0389992641648271,167.0,22.0,0.1317365269461078
2020-08-26 00:00:00,4546,146,0.0321161460624725,143.0,13.0,0.0909090909090909
2020-08-25 00:00:00,3244,122,0.0376078914919852,186.0,16.0,0.0860215053763441
2020-08-24 00:00:00,3414,133,0.0389572349150557,187.0,20.0,0.106951871657754
2020-08-23 00:00:00,1059,59,0.0557129367327668,69.0,6.0,0.0869565217391304
2020-08-22 00:00:00,1598,52,0.032540675844806,75.0,8.0,0.1066666666666667
2020-08-21 00:00:00,4241,98,0.0231077576043386,221.0,8.0,0.0361990950226244
2020-08-20 00:00:00,4224,109,0.0258049242424242,222.0,19.0,0.0855855855855856
2020-08-19 00:00:00,4103,155,0.0377772361686571,179.0,13.0,0.0726256983240224
2020-08-18 00:00:00,3421,123,0.0359543992984508,228.0,26.0,0.1140350877192983
2020-08-17 00:00:00,3538,115,0.032504239683437,271.0,33.0,0.1217712177121771
2020-08-16 00:00:00,1811,49,0.0270568746548868,79.0,1.0,0.0126582278481013
2020-08-15 00:00:00,1797,86,0.0478575403450195,95.0,5.0,0.0526315789473684
2020-08-14 00:00:00,3784,102,0.0269556025369979,321.0,23.0,0.0716510903426791
2020-08-13 00:00:00,2914,151,0.0518188057652711,232.0,27.0,0.1163793103448276
2020-08-12 00:00:00,2906,172,0.0591878871300757,190.0,14.0,0.0736842105263158
2020-08-11 00:00:00,3806,175,0.0459800315291645,263.0,23.0,0.0874524714828897
2020-08-10 00:00:00,3806,212,0.0557015239096164,297.0,28.0,0.0942760942760943
2020-08-09 00:00:00,1388,67,0.0482708933717579,77.0,9.0,0.1168831168831169
2020-08-08 00:00:00,1233,105,0.0851581508515815,97.0,6.0,0.0618556701030928
2020-08-07 00:00:00,2551,120,0.0470403763230106,349.0,36.0,0.1031518624641834
2020-08-06 00:00:00,2433,174,0.0715166461159063,556.0,36.0,0.0647482014388489
2020-08-05 00:00:00,2828,185,0.0654172560113154,366.0,28.0,0.0765027322404372
2020-08-04 00:00:00,2824,163,0.0577195467422096,394.0,20.0,0.050761421319797
2020-08-03 00:00:00,3818,286,0.0749083289680461,358.0,21.0,0.058659217877095
2020-08-02 00:00:00,841,60,0.0713436385255648,65.0,4.0,0.0615384615384615
2020-08-01 00:00:00,1936,213,0.1100206611570248,107.0,6.0,0.0560747663551402
2020-07-31 00:00:00,3132,305,0.0973818646232439,479.0,45.0,0.0939457202505219
2020-07-30 00:00:00,3908,353,0.0903275332650972,446.0,30.0,0.0672645739910314
2020-07-29 00:00:00,3883,323,0.0831831058459954,411.0,24.0,0.0583941605839416
2020-07-28 00:00:00,3232,280,0.0866336633663366,549.0,35.0,0.063752276867031
2020-07-27 00:00:00,4036,318,0.078790882061447,555.0,23.0,0.0414414414414414
2020-07-26 00:00:00,1098,86,0.0783242258652095,52.0,2.0,0.0384615384615385
2020-07-25 00:00:00,1988,264,0.1327967806841046,91.0,2.0,0.021978021978022
2020-07-24 00:00:00,2396,261,0.1089315525876461,575.0,24.0,0.0417391304347826
2020-07-23 00:00:00,2514,243,0.0966587112171838,456.0,27.0,0.0592105263157895
2020-07-22 00:00:00,2952,238,0.0806233062330623,470.0,29.0,0.0617021276595745
2020-07-21 00:00:00,3096,277,0.0894702842377261,599.0,28.0,0.0467445742904841
2020-07-20 00:00:00,2943,300,0.1019367991845056,586.0,35.0,0.0597269624573379
2020-07-19 00:00:00,900,101,0.1122222222222222,53.0,4.0,0.0754716981132076
2020-07-18 00:00:00,1613,174,0.1078735275883447,73.0,3.0,0.0410958904109589
2020-07-17 00:00:00,2699,258,0.0955909596146721,316.0,26.0,0.0822784810126582
2020-07-16 00:00:00,3369,307,0.0911249628970021,219.0,25.0,0.1141552511415525
2020-07-15 00:00:00,3299,344,0.1042740224310397,212.0,32.0,0.1509433962264151
2020-07-14 00:00:00,3598,414,0.1150639244024458,284.0,29.0,0.102112676056338
2020-07-13 00:00:00,3280,365,0.1112804878048781,281.0,17.0,0.0604982206405694
2020-07-12 00:00:00,1010,132,0.1306930693069307,85.0,6.0,0.0705882352941177
2020-07-11 00:00:00,1606,224,0.1394769613947696,84.0,5.0,0.0595238095238095
2020-07-10 00:00:00,3112,374,0.1201799485861183,313.0,24.0,0.0766773162939297
2020-07-09 00:00:00,3219,378,0.1174277726001864,214.0,18.0,0.0841121495327103
2020-07-08 00:00:00,3805,420,0.1103810775295664,208.0,15.0,0.0721153846153846
2020-07-07 00:00:00,3948,480,0.121580547112462,302.0,18.0,0.0596026490066225
2020-07-06 00:00:00,3731,464,0.1243634414366122,270.0,13.0,0.0481481481481482
2020-07-05 00:00:00,1372,232,0.1690962099125364,87.0,6.0,0.0689655172413793
2020-07-04 00:00:00,842,171,0.2030878859857482,76.0,5.0,0.0657894736842105
2020-07-03 00:00:00,2080,277,0.1331730769230769,103.0,2.0,0.0194174757281553
2020-07-02 00:00:00,3760,522,0.1388297872340426,346.0,24.0,0.069364161849711
2020-07-01 00:00:00,4122,541,0.131246967491509,276.0,15.0,0.0543478260869565
2020-06-30 00:00:00,3605,499,0.1384188626907074,330.0,16.0,0.0484848484848485
2020-06-29 00:00:00,3554,468,0.1316826111423748,377.0,13.0,0.0344827586206897
2020-06-28 00:00:00,1284,188,0.146417445482866,77.0,6.0,0.0779220779220779
2020-06-27 00:00:00,1758,304,0.1729237770193402,117.0,4.0,0.0341880341880342
2020-06-26 00:00:00,2565,359,0.1399610136452242,379.0,12.0,0.0316622691292876
2020-06-25 00:00:00,3435,424,0.1234352256186318,308.0,12.0,0.038961038961039
2020-06-24 00:00:00,3033,371,0.1223211341905704,297.0,12.0,0.0404040404040404
2020-06-23 00:00:00,3285,469,0.1427701674277017,491.0,67.0,0.1364562118126273
2020-06-22 00:00:00,3065,392,0.1278955954323002,318.0,9.0,0.0283018867924528
2020-06-21 00:00:00,1370,235,0.1715328467153285,91.0,0.0,0
2020-06-20 00:00:00,1789,315,0.1760760201229738,99.0,5.0,0.0505050505050505
2020-06-19 00:00:00,2809,370,0.1317194731221075,434.0,19.0,0.043778801843318
2020-06-18 00:00:00,2759,358,0.1297571583907213,308.0,12.0,0.038961038961039
2020-06-17 00:00:00,2568,337,0.1312305295950156,266.0,11.0,0.0413533834586466
2020-06-16 00:00:00,2886,302,0.1046431046431046,352.0,5.0,0.0142045454545455
2020-06-15 00:00:00,3112,315,0.1012210796915167,502.0,12.0,0.0239043824701195
2020-06-14 00:00:00,1265,141,0.1114624505928854,104.0,1.0,0.0096153846153846
2020-06-13 00:00:00,1150,193,0.1678260869565217,130.0,3.0,0.0230769230769231
2020-06-12 00:00:00,1891,214,0.1131676361713379,391.0,9.0,0.0230179028132992
2020-06-11 00:00:00,2008,179,0.0891434262948207,309.0,7.0,0.0226537216828479
2020-06-10 00:00:00,2146,209,0.0973904939422181,509.0,24.0,0.0471512770137525
2020-06-09 00:00:00,1904,210,0.1102941176470588,603.0,23.0,0.0381426202321725
2020-06-08 00:00:00,2086,172,0.0824544582933845,650.0,65.0,0.1
2020-06-07 00:00:00,681,86,0.1262848751835536,85.0,1.0,0.0117647058823529
2020-06-06 00:00:00,925,118,0.1275675675675676,273.0,7.0,0.0256410256410256
2020-06-05 00:00:00,1999,138,0.0690345172586293,378.0,6.0,0.0158730158730159
2020-06-04 00:00:00,2027,157,0.0774543660582141,448.0,42.0,0.09375
2020-06-03 00:00:00,1891,135,0.071390798519302,507.0,13.0,0.0256410256410256
2020-06-02 00:00:00,1674,125,0.0746714456391876,370.0,7.0,0.0189189189189189
2020-06-01 00:00:00,1917,125,0.0652060511215441,542.0,11.0,0.0202952029520295
2020-05-31 00:00:00,682,53,0.0777126099706745,89.0,1.0,0.0112359550561798
2020-05-30 00:00:00,1829,155,0.0847457627118644,127.0,3.0,0.0236220472440945
2020-05-29 00:00:00,1530,87,0.0568627450980392,505.0,19.0,0.0376237623762376
2020-05-28 00:00:00,1525,87,0.0570491803278689,393.0,19.0,0.0483460559796438
2020-05-27 00:00:00,1437,114,0.0793319415448852,541.0,32.0,0.0591497227356747
2020-05-26 00:00:00,1742,85,0.0487944890929966,465.0,17.0,0.0365591397849462
2020-05-25 00:00:00,622,51,0.0819935691318328,79.0,1.0,0.0126582278481013
2020-05-24 00:00:00,614,46,0.0749185667752443,83.0,1.0,0.0120481927710843
2020-05-23 00:00:00,659,50,0.0758725341426404,113.0,1.0,0.0088495575221239
2020-05-22 00:00:00,1152,58,0.0503472222222222,413.0,7.0,0.0169491525423729
2020-05-21 00:00:00,1296,47,0.0362654320987654,401.0,4.0,0.0099750623441397
2020-05-20 00:00:00,1183,55,0.0464919695688926,445.0,11.0,0.0247191011235955
2020-05-19 00:00:00,1246,57,0.0457463884430177,453.0,13.0,0.0286975717439294
2020-05-18 00:00:00,1422,85,0.059774964838256,517.0,11.0,0.0212765957446809
2020-05-17 00:00:00,439,24,0.0546697038724374,76.0,0.0,0
2020-05-16 00:00:00,1599,52,0.032520325203252,109.0,3.0,0.0275229357798165
2020-05-15 00:00:00,1214,51,0.0420098846787479,470.0,17.0,0.0361702127659574
2020-05-14 00:00:00,1271,65,0.0511408339889851,474.0,22.0,0.0464135021097046
2020-05-13 00:00:00,980,54,0.0551020408163265,465.0,16.0,0.0344086021505376
2020-05-12 00:00:00,1040,53,0.0509615384615385,499.0,20.0,0.0400801603206413
2020-05-11 00:00:00,1266,54,0.042654028436019,656.0,17.0,0.0259146341463415
2020-05-10 00:00:00,291,16,0.0549828178694158,65.0,1.0,0.0153846153846154
2020-05-09 00:00:00,974,45,0.0462012320328542,97.0,2.0,0.0206185567010309
2020-05-08 00:00:00,901,42,0.04661487236404,631.0,22.0,0.03486529318542
2020-05-07 00:00:00,1315,41,0.0311787072243346,544.0,17.0,0.03125
2020-05-06 00:00:00,867,55,0.063437139561707,423.0,15.0,0.0354609929078014
2020-05-05 00:00:00,1035,62,0.0599033816425121,483.0,20.0,0.041407867494824
2020-05-04 00:00:00,982,51,0.0519348268839104,481.0,7.0,0.0145530145530146
2020-05-03 00:00:00,303,36,0.1188118811881188,40.0,0.0,0
2020-05-02 00:00:00,980,41,0.0418367346938776,71.0,0.0,0
2020-05-01 00:00:00,678,29,0.0427728613569322,518.0,28.0,0.0540540540540541
2020-04-30 00:00:00,610,37,0.060655737704918,543.0,23.0,0.0423572744014733
2020-04-29 00:00:00,481,29,0.0602910602910603,531.0,27.0,0.0508474576271187
2020-04-28 00:00:00,454,37,0.0814977973568282,333.0,18.0,0.0540540540540541
2020-04-27 00:00:00,413,33,0.0799031476997579,137.0,1.0,0.0072992700729927
2020-04-26 00:00:00,141,17,0.1205673758865248,2.0,0.0,0
2020-04-25 00:00:00,160,16,0.1,4.0,0.0,0
2020-04-24 00:00:00,449,45,0.1002227171492205,18.0,1.0,0.0555555555555556
2020-04-23 00:00:00,391,35,0.0895140664961637,2.0,0.0,0
2020-04-22 00:00:00,357,34,0.0952380952380952,1.0,0.0,0
2020-04-21 00:00:00,288,26,0.0902777777777778,,,
2020-04-20 00:00:00,355,63,0.1774647887323944,,,
2020-04-19 00:00:00,100,20,0.2,,,
2020-04-18 00:00:00,108,16,0.1481481481481482,,,
2020-04-17 00:00:00,288,34,0.1180555555555556,1.0,0.0,0
2020-04-16 00:00:00,351,74,0.2108262108262108,,,
2020-04-15 00:00:00,282,37,0.1312056737588653,,,
2020-04-14 00:00:00,243,47,0.1934156378600823,,,
2020-04-13 00:00:00,309,55,0.1779935275080906,,,
2020-04-12 00:00:00,109,26,0.2385321100917432,,,
2020-04-11 00:00:00,108,17,0.1574074074074074,,,
2020-04-10 00:00:00,282,58,0.2056737588652482,,,
2020-04-09 00:00:00,221,46,0.2081447963800905,,,
2020-04-08 00:00:00,276,42,0.1521739130434783,2.0,0.0,0
2020-04-07 00:00:00,272,38,0.1397058823529412,,,
2020-04-06 00:00:00,428,64,0.1495327102803738,,,
2020-04-05 00:00:00,147,34,0.2312925170068028,,,
2020-04-04 00:00:00,153,21,0.1372549019607843,,,
2020-04-03 00:00:00,329,45,0.1367781155015198,,,
2020-04-02 00:00:00,303,40,0.132013201320132,,,
2020-04-01 00:00:00,287,35,0.1219512195121951,,,
2020-03-31 00:00:00,257,43,0.1673151750972763,,,
2020-03-30 00:00:00,317,27,0.0851735015772871,,,
2020-03-29 00:00:00,88,15,0.1704545454545455,,,
2020-03-28 00:00:00,166,23,0.1385542168674699,,,
2020-03-27 00:00:00,352,22,0.0625,,,
2020-03-26 00:00:00,361,30,0.0831024930747922,,,
2020-03-25 00:00:00,413,26,0.062953995157385,,,
2020-03-24 00:00:00,364,28,0.0769230769230769,,,
2020-03-23 00:00:00,413,29,0.0702179176755448,,,
2020-03-22 00:00:00,119,13,0.1092436974789916,,,
2020-03-21 00:00:00,117,7,0.0598290598290598,,,
2020-03-20 00:00:00,331,19,0.0574018126888218,,,
2020-03-19 00:00:00,255,7,0.0274509803921569,,,
2020-03-18 00:00:00,229,9,0.0393013100436681,,,
2020-03-17 00:00:00,205,10,0.0487804878048781,,,
2020-03-16 00:00:00,158,7,0.0443037974683544,,,
2020-03-15 00:00:00,36,2,0.0555555555555556,,,
2020-03-14 00:00:00,37,4,0.1081081081081081,,,
2020-03-13 00:00:00,88,3,0.0340909090909091,,,
2020-03-12 00:00:00,68,0,0,,,
2020-03-11 00:00:00,45,3,0.0666666666666667,,,
2020-03-10 00:00:00,13,0,0,,,
2020-03-09 00:00:00,3,0,0,,,
2020-03-08 00:00:00,3,0,0,,,
2020-03-06 00:00:00,2,0,0,,,
2020-03-04 00:00:00,9,2,0.2222222222222222,,,
2020-03-02 00:00:00,3,0,0,,,
2020-03-01 00:00:00,4,0,0,,,
2020-02-28 00:00:00,1,0,0,,,
2020-02-27 00:00:00,4,0,0,,,
2020-02-26 00:00:00,1,0,0,,,
2020-02-23 00:00:00,3,1,0.3333333333333333,,,
2020-02-22 00:00:00,2,0,0,,,
2020-02-08 00:00:00,1,0,0,,,
2020-02-05 00:00:00,1,1,1,,,
2020-02-03 00:00:00,1,0,0,,,
