date,pcr_tests,pcr_positivity,ser_tests,ser_positivity,pcr_tests_APACHE,pcr_positivity_APACHE,ser_tests_APACHE,ser_positivity_APACHE,pcr_tests_YUMA,pcr_positivity_YUMA,ser_tests_YUMA,ser_positivity_YUMA,pcr_tests_YAVAPAI,pcr_positivity_YAVAPAI,ser_tests_YAVAPAI,ser_positivity_YAVAPAI,pcr_tests_SANTA_CRUZ,pcr_positivity_SANTA_CRUZ,ser_tests_SANTA_CRUZ,ser_positivity_SANTA_CRUZ,pcr_tests_PINAL,pcr_positivity_PINAL,ser_tests_PINAL,ser_positivity_PINAL,pcr_tests_PIMA,pcr_positivity_PIMA,ser_tests_PIMA,ser_positivity_PIMA,pcr_tests_NAVAJO,pcr_positivity_NAVAJO,ser_tests_NAVAJO,ser_positivity_NAVAJO,pcr_tests_MOHAVE,pcr_positivity_MOHAVE,ser_tests_MOHAVE,ser_positivity_MOHAVE,pcr_tests_MARICOPA,pcr_positivity_MARICOPA,ser_tests_MARICOPA,ser_positivity_MARICOPA,pcr_tests_LA_PAZ,pcr_positivity_LA_PAZ,ser_tests_LA_PAZ,ser_positivity_LA_PAZ,pcr_tests_GREENLEE,pcr_positivity_GREENLEE,ser_tests_GREENLEE,ser_positivity_GREENLEE,pcr_tests_GRAHAM,pcr_positivity_GRAHAM,ser_tests_GRAHAM,ser_positivity_GRAHAM,pcr_tests_GILA,pcr_positivity_GILA,ser_tests_GILA,ser_positivity_GILA,pcr_tests_COCONINO,pcr_positivity_COCONINO,ser_tests_COCONINO,ser_positivity_COCONINO,pcr_tests_COCHISE,pcr_positivity_COCHISE,ser_tests_COCHISE,ser_positivity_COCHISE
2020-08-09 00:00:00,4,0.0,,,,,,,,,,,,,,,,,,,,,,,1.0,0.0,,,,,,,,,,,3.0,0.0,,,,,,,,,,,,,,,,,,,,,,,,,,
2020-08-08 00:00:00,1549,0.0632666236281472,97.0,0.13402061855670097,1.0,0.0,,,34.0,0.1764705882352941,4.0,0.5,172.0,0.0174418604651163,,,8.0,0.125,,,69.0,0.1014492753623189,9.0,0.1111111111111111,73.0,0.0958904109589041,4.0,0.0,8.0,0.125,1.0,1.0,3.0,0.0,,,1128.0,0.0629432624113475,71.0,0.1267605633802817,,,,,,,,,,,1.0,0.0,23.0,0.0,5.0,0.0,12.0,0.1666666666666667,,,1.0,0.0,2.0,0.0
2020-08-07 00:00:00,5301,0.0718732314657612,1564.0,0.1361892583120205,40.0,0.075,1.0,1.0,286.0,0.1398601398601399,21.0,0.38095238095238104,97.0,0.0309278350515464,24.0,0.125,57.0,0.1228070175438597,1.0,0.0,303.0,0.0726072607260726,108.0,0.1481481481481482,606.0,0.0445544554455446,166.0,0.0903614457831325,113.0,0.0707964601769912,2.0,0.5,64.0,0.15625,22.0,0.1363636363636364,3428.0,0.0682613768961494,1146.0,0.1326352530541012,4.0,0.0,7.0,0.5714285714285714,5.0,0.0,1.0,1.0,22.0,0.1818181818181818,2.0,0.0,56.0,0.0892857142857143,11.0,0.0909090909090909,84.0,0.0714285714285714,10.0,0.1,76.0,0.0657894736842105,21.0,0.1428571428571429
2020-08-06 00:00:00,6946,0.0871004894903542,1430.0,0.1643356643356643,75.0,0.04,2.0,0.5,319.0,0.1065830721003135,25.0,0.4,220.0,0.0954545454545455,34.0,0.1470588235294118,44.0,0.1818181818181818,23.0,0.0434782608695652,359.0,0.0891364902506964,100.0,0.16,1033.0,0.0755082284607938,194.0,0.1082474226804124,90.0,0.0333333333333333,5.0,0.6,173.0,0.0751445086705202,24.0,0.2083333333333334,4172.0,0.0920421860019176,980.0,0.1744897959183674,12.0,0.1666666666666667,,,4.0,0.0,1.0,0.0,29.0,0.103448275862069,1.0,0.0,59.0,0.0169491525423729,5.0,0.2,90.0,0.1111111111111111,11.0,0.0,110.0,0.0727272727272727,14.0,0.0
2020-08-05 00:00:00,7133,0.0887424646011496,1277.0,0.20203602192639,76.0,0.0263157894736842,1.0,1.0,317.0,0.1451104100946373,30.0,0.3,246.0,0.0569105691056911,29.0,0.1379310344827586,53.0,0.0943396226415094,6.0,0.0,397.0,0.0957178841309824,76.0,0.1842105263157895,1106.0,0.0822784810126582,124.0,0.1370967741935484,97.0,0.0412371134020619,6.0,0.3333333333333333,121.0,0.1322314049586777,17.0,0.1764705882352941,4076.0,0.0944553483807655,959.0,0.2158498435870699,10.0,0.0,,,5.0,0.0,2.0,0.0,40.0,0.15,,,95.0,0.0947368421052632,7.0,0.1428571428571429,172.0,0.0406976744186047,3.0,0.0,119.0,0.0252100840336134,8.0,0.0
2020-08-04 00:00:00,8196,0.085285505124451,1636.0,0.1485330073349633,80.0,0.0375,3.0,0.0,380.0,0.1657894736842105,32.0,0.3125,224.0,0.0535714285714286,27.0,0.1111111111111111,54.0,0.0740740740740741,5.0,0.2,454.0,0.0770925110132159,129.0,0.062015503875969005,1614.0,0.0631970260223048,149.0,0.08724832214765099,92.0,0.0760869565217391,8.0,0.125,97.0,0.13402061855670097,39.0,0.1794871794871795,4305.0,0.0938443670150987,1186.0,0.1644182124789208,10.0,0.0,1.0,0.0,4.0,0.0,,,33.0,0.1515151515151515,1.0,0.0,79.0,0.2025316455696203,16.0,0.0,102.0,0.0490196078431373,12.0,0.0833333333333333,120.0,0.1,12.0,0.1666666666666667
2020-08-03 00:00:00,9815,0.0945491594498217,1700.0,0.1494117647058824,117.0,0.0598290598290598,3.0,0.3333333333333333,499.0,0.1583166332665331,23.0,0.3478260869565218,234.0,0.0726495726495727,64.0,0.03125,38.0,0.1052631578947368,4.0,0.5,448.0,0.1071428571428571,118.0,0.0847457627118644,1872.0,0.0854700854700855,167.0,0.0838323353293413,157.0,0.1146496815286624,4.0,0.25,121.0,0.1239669421487603,29.0,0.2068965517241379,5282.0,0.0992048466489966,1237.0,0.16410670978173,12.0,0.0,2.0,0.0,4.0,0.25,,,38.0,0.1052631578947368,1.0,0.0,123.0,0.024390243902439,11.0,0.0,148.0,0.0878378378378378,8.0,0.25,134.0,0.0298507462686567,14.0,0.2142857142857143
2020-08-02 00:00:00,4367,0.0913670712159377,411.0,0.0948905109489051,12.0,0.1666666666666667,1.0,0.0,60.0,0.1,3.0,0.0,87.0,0.0804597701149425,3.0,0.6666666666666666,15.0,0.2,3.0,0.0,279.0,0.0860215053763441,52.0,0.0384615384615385,448.0,0.0691964285714286,50.0,0.06,25.0,0.24,1.0,0.0,38.0,0.1315789473684211,,,3086.0,0.0939727802981206,280.0,0.1035714285714286,2.0,0.0,1.0,0.0,8.0,0.0,,,14.0,0.5714285714285714,,,24.0,0.1666666666666667,7.0,0.0,35.0,0.0285714285714286,,,27.0,0.0,3.0,0.0
2020-08-01 00:00:00,6374,0.0829934107310951,554.0,0.1173285198555957,19.0,0.1578947368421053,1.0,0.0,52.0,0.1730769230769231,2.0,0.0,280.0,0.0357142857142857,3.0,0.3333333333333333,269.0,0.0223048327137546,2.0,1.0,283.0,0.08833922261484099,61.0,0.0655737704918033,1029.0,0.0845481049562682,90.0,0.0333333333333333,36.0,0.1666666666666667,1.0,0.0,55.0,0.0909090909090909,1.0,0.0,4072.0,0.0893909626719057,369.0,0.1463414634146342,4.0,0.0,1.0,0.0,2.0,0.0,,,9.0,0.3333333333333333,,,40.0,0.1,15.0,0.0,28.0,0.0,,,34.0,0.0294117647058824,5.0,0.2
2020-07-31 00:00:00,9240,0.0836580086580087,1622.0,0.1627620221948212,256.0,0.05859375,1.0,1.0,388.0,0.1056701030927835,35.0,0.2571428571428571,259.0,0.0772200772200772,39.0,0.1025641025641026,209.0,0.0191387559808612,5.0,0.0,456.0,0.0745614035087719,139.0,0.158273381294964,1541.0,0.0843608046722907,179.0,0.1731843575418995,149.0,0.0939597315436242,5.0,0.2,109.0,0.1376146788990826,23.0,0.2173913043478261,5119.0,0.0894705997265091,1142.0,0.1611208406304729,6.0,0.3333333333333333,2.0,1.0,7.0,0.0,,,18.0,0.1111111111111111,1.0,0.0,135.0,0.037037037037037,16.0,0.0,123.0,0.0731707317073171,15.0,0.2,144.0,0.0694444444444445,10.0,0.1
2020-07-30 00:00:00,7355,0.1063222297756628,1517.0,0.1799604482531312,100.0,0.05,2.0,1.0,401.0,0.1820448877805487,29.0,0.3103448275862069,297.0,0.0673400673400673,71.0,0.028169014084507005,43.0,0.1395348837209302,5.0,0.4,349.0,0.1489971346704871,85.0,0.1294117647058824,886.0,0.0970654627539503,154.0,0.0909090909090909,292.0,0.0342465753424658,5.0,0.2,162.0,0.0864197530864198,22.0,0.3181818181818182,4077.0,0.1140544518027962,1099.0,0.1956323930846224,10.0,0.1,2.0,0.5,5.0,0.2,1.0,0.0,26.0,0.0769230769230769,1.0,0.0,95.0,0.1473684210526316,9.0,0.3333333333333333,198.0,0.0606060606060606,8.0,0.0,124.0,0.0725806451612903,15.0,0.2666666666666667
2020-07-29 00:00:00,7522,0.1034299388460516,1559.0,0.1622835150737652,107.0,0.0373831775700935,2.0,0.0,345.0,0.1739130434782609,33.0,0.484848484848485,279.0,0.1003584229390681,85.0,0.0470588235294118,35.0,0.1142857142857143,7.0,0.4285714285714286,391.0,0.0869565217391304,99.0,0.1313131313131313,938.0,0.0831556503198294,109.0,0.1559633027522936,125.0,0.08800000000000001,1.0,0.0,110.0,0.0636363636363636,28.0,0.1071428571428571,4476.0,0.1139410187667561,1135.0,0.1674008810572687,9.0,0.2222222222222222,2.0,0.5,12.0,0.0,3.0,0.0,32.0,0.09375,1.0,0.0,93.0,0.1397849462365591,10.0,0.0,161.0,0.06211180124223599,14.0,0.1428571428571429,137.0,0.0364963503649635,21.0,0.1904761904761905
2020-07-28 00:00:00,7811,0.1181666880040968,2011.0,0.1486822476379911,102.0,0.0980392156862745,1.0,1.0,510.0,0.1980392156862745,38.0,0.2631578947368421,230.0,0.0391304347826087,40.0,0.05,35.0,0.0857142857142857,5.0,0.2,477.0,0.1215932914046122,111.0,0.1171171171171171,948.0,0.1054852320675106,193.0,0.150259067357513,126.0,0.0396825396825397,4.0,0.25,89.0,0.202247191011236,35.0,0.0571428571428571,4690.0,0.1217484008528785,1515.0,0.1531353135313531,7.0,0.1428571428571429,1.0,1.0,15.0,0.0,3.0,0.0,27.0,0.1851851851851852,4.0,0.75,112.0,0.2410714285714286,14.0,0.0,110.0,0.0363636363636364,11.0,0.0909090909090909,117.0,0.0512820512820513,25.0,0.08
2020-07-27 00:00:00,9337,0.1197386740923209,1697.0,0.14555097230406602,103.0,0.0776699029126214,3.0,0.3333333333333333,439.0,0.1640091116173121,40.0,0.425,276.0,0.0652173913043478,39.0,0.0256410256410256,40.0,0.075,9.0,0.5555555555555556,543.0,0.1123388581952118,126.0,0.126984126984127,1058.0,0.1001890359168242,179.0,0.0893854748603352,213.0,0.1220657276995305,10.0,0.1,135.0,0.0962962962962963,37.0,0.1081081081081081,5875.0,0.1278297872340426,1188.0,0.1515151515151515,14.0,0.0,3.0,0.0,8.0,0.0,1.0,0.0,65.0,0.1692307692307693,4.0,0.0,102.0,0.1274509803921569,22.0,0.0454545454545455,191.0,0.0680628272251309,9.0,0.1111111111111111,109.0,0.1100917431192661,13.0,0.0769230769230769
2020-07-26 00:00:00,4549,0.1237634644976918,365.0,0.0931506849315069,24.0,0.0,1.0,0.0,77.0,0.2597402597402597,,,84.0,0.0595238095238095,5.0,0.0,7.0,0.0,,,292.0,0.1164383561643836,48.0,0.0833333333333333,446.0,0.07847533632286999,44.0,0.0227272727272727,21.0,0.0952380952380952,,,48.0,0.1041666666666667,,,3362.0,0.1314693634741226,257.0,0.1128404669260701,2.0,0.0,,,4.0,0.5,1.0,0.0,12.0,0.1666666666666667,,,53.0,0.1320754716981132,5.0,0.0,35.0,0.0,2.0,0.0,19.0,0.1052631578947368,1.0,0.0
2020-07-25 00:00:00,6350,0.1240944881889764,535.0,0.1196261682242991,26.0,0.0769230769230769,,,182.0,0.2582417582417583,3.0,0.6666666666666666,115.0,0.0956521739130435,3.0,0.0,16.0,0.0625,6.0,0.1666666666666667,501.0,0.0958083832335329,54.0,0.0925925925925926,638.0,0.1128526645768025,78.0,0.0256410256410256,76.0,0.1710526315789474,3.0,0.0,65.0,0.2615384615384616,6.0,0.1666666666666667,4272.0,0.1271067415730337,355.0,0.1436619718309859,6.0,0.0,1.0,0.0,80.0,0.0125,,,38.0,0.1052631578947368,1.0,0.0,42.0,0.0952380952380952,5.0,0.0,42.0,0.1904761904761905,3.0,0.0,161.0,0.0434782608695652,12.0,0.0833333333333333
2020-07-24 00:00:00,10171,0.1133615180414905,1899.0,0.1695629278567667,97.0,0.0515463917525773,2.0,0.0,414.0,0.1545893719806763,56.0,0.375,264.0,0.0946969696969697,37.0,0.1081081081081081,38.0,0.0789473684210526,7.0,0.2857142857142857,556.0,0.0935251798561151,144.0,0.1041666666666667,1116.0,0.0878136200716846,180.0,0.0944444444444444,186.0,0.0967741935483871,8.0,0.25,142.0,0.1408450704225352,30.0,0.0666666666666667,6736.0,0.1193586698337292,1375.0,0.1861818181818182,34.0,0.0,1.0,0.0,4.0,0.25,1.0,0.0,35.0,0.3714285714285715,3.0,0.0,78.0,0.2435897435897436,18.0,0.0,133.0,0.075187969924812,12.0,0.0833333333333333,122.0,0.1229508196721312,14.0,0.1428571428571429
2020-07-23 00:00:00,9825,0.1211195928753181,1622.0,0.154130702836005,95.0,0.1157894736842105,1.0,0.0,498.0,0.1827309236947791,29.0,0.3448275862068966,259.0,0.0540540540540541,33.0,0.0909090909090909,45.0,0.1555555555555556,5.0,0.2,472.0,0.114406779661017,128.0,0.046875,1050.0,0.1,142.0,0.1549295774647887,135.0,0.0740740740740741,5.0,0.2,363.0,0.1322314049586777,38.0,0.1578947368421053,6317.0,0.125217666613899,1189.0,0.1648444070647603,8.0,0.125,2.0,0.0,9.0,0.1111111111111111,2.0,0.0,56.0,0.2857142857142857,3.0,0.0,66.0,0.2424242424242425,11.0,0.0909090909090909,111.0,0.0720720720720721,11.0,0.1818181818181818,157.0,0.0636942675159236,12.0,0.0
2020-07-22 00:00:00,11397,0.119680617706414,1734.0,0.1349480968858132,81.0,0.0740740740740741,2.0,0.5,519.0,0.1965317919075145,45.0,0.3555555555555556,291.0,0.0618556701030928,30.0,0.0666666666666667,59.0,0.1864406779661017,6.0,0.3333333333333333,600.0,0.0866666666666667,89.0,0.0786516853932584,1388.0,0.0806916426512968,337.0,0.0712166172106825,138.0,0.1159420289855073,13.0,0.2307692307692308,140.0,0.1071428571428571,34.0,0.1176470588235294,7450.0,0.1304697986577181,1137.0,0.1512752858399296,15.0,0.0,1.0,1.0,12.0,0.0833333333333333,,,56.0,0.1071428571428571,,,76.0,0.1973684210526316,6.0,0.1666666666666667,167.0,0.0658682634730539,12.0,0.0,186.0,0.0913978494623656,9.0,0.0
2020-07-21 00:00:00,11705,0.1224263135412217,2551.0,0.1160329282634261,127.0,0.031496062992126,1.0,0.0,525.0,0.1733333333333334,52.0,0.5192307692307694,307.0,0.0814332247557003,29.0,0.0344827586206897,54.0,0.1851851851851852,8.0,0.375,582.0,0.0996563573883162,158.0,0.12025316455696199,1248.0,0.1073717948717949,531.0,0.0338983050847458,229.0,0.0873362445414847,11.0,0.0,135.0,0.1333333333333333,34.0,0.1764705882352941,7691.0,0.1280717722012742,1633.0,0.127372933251684,25.0,0.12,4.0,0.0,11.0,0.6363636363636364,3.0,0.0,57.0,0.1929824561403509,1.0,0.0,132.0,0.0984848484848485,24.0,0.125,200.0,0.1,11.0,0.3636363636363637,156.0,0.1282051282051282,28.0,0.1785714285714286
2020-07-20 00:00:00,11666,0.1380078861649237,2484.0,0.1300322061191626,99.0,0.1919191919191919,1.0,0.0,665.0,0.168421052631579,56.0,0.2142857142857143,314.0,0.0668789808917198,34.0,0.1176470588235294,71.0,0.1408450704225352,8.0,0.0,583.0,0.10463121783876499,156.0,0.1217948717948718,1227.0,0.1002444987775061,518.0,0.0540540540540541,204.0,0.0833333333333333,11.0,0.2727272727272727,140.0,0.1928571428571429,41.0,0.1463414634146342,7557.0,0.1501918750827048,1571.0,0.1546785486950987,33.0,0.0909090909090909,1.0,1.0,8.0,0.125,,,30.0,0.0666666666666667,2.0,0.0,169.0,0.1597633136094675,22.0,0.0909090909090909,191.0,0.0785340314136126,18.0,0.0555555555555556,163.0,0.1042944785276074,23.0,0.0869565217391304
2020-07-19 00:00:00,5587,0.1281546447109361,392.0,0.114795918367347,9.0,0.1111111111111111,1.0,0.0,88.0,0.1590909090909091,2.0,1.0,81.0,0.0617283950617284,1.0,0.0,10.0,0.2,1.0,1.0,261.0,0.1111111111111111,49.0,0.0204081632653061,558.0,0.1003584229390681,48.0,0.0833333333333333,59.0,0.1016949152542373,2.0,0.5,56.0,0.0714285714285714,,,4260.0,0.1338028169014085,274.0,0.1277372262773723,2.0,0.0,,,2.0,0.5,,,2.0,0.0,2.0,0.0,42.0,0.3095238095238096,6.0,0.0,56.0,0.1607142857142857,,,47.0,0.0638297872340426,2.0,0.0
2020-07-18 00:00:00,9753,0.1348303086229878,570.0,0.0964912280701754,16.0,0.125,1.0,1.0,71.0,0.1267605633802817,1.0,1.0,121.0,0.0661157024793389,14.0,0.1428571428571429,33.0,0.2424242424242425,,,604.0,0.1142384105960265,84.0,0.0476190476190476,820.0,0.1231707317073171,66.0,0.0454545454545455,88.0,0.2159090909090909,,,67.0,0.2537313432835821,1.0,0.0,7561.0,0.1376802010316096,378.0,0.1084656084656085,11.0,0.0,,,2.0,0.0,,,5.0,0.6,,,39.0,0.1538461538461539,9.0,0.0,42.0,0.1190476190476191,4.0,0.5,177.0,0.1073446327683616,4.0,0.0
2020-07-17 00:00:00,15772,0.1276312452447375,2345.0,0.1253731343283582,63.0,0.0793650793650794,2.0,0.5,465.0,0.1548387096774194,32.0,0.3125,334.0,0.0838323353293413,31.0,0.032258064516129,60.0,0.15,10.0,0.0,816.0,0.1286764705882353,154.0,0.1103896103896104,1443.0,0.0893970893970894,255.0,0.0745098039215686,398.0,0.0753768844221106,11.0,0.0909090909090909,189.0,0.1693121693121693,43.0,0.0465116279069767,11070.0,0.1375790424570913,1713.0,0.1401050788091068,50.0,0.02,1.0,0.0,9.0,0.0,1.0,0.0,21.0,0.1428571428571429,3.0,0.0,147.0,0.108843537414966,18.0,0.0555555555555556,272.0,0.0919117647058824,26.0,0.0769230769230769,222.0,0.0765765765765766,25.0,0.0
2020-07-16 00:00:00,13896,0.1488198042602188,1877.0,0.1395844432605221,46.0,0.1739130434782609,2.0,0.0,679.0,0.2209131075110457,46.0,0.3478260869565218,299.0,0.09698996655518402,31.0,0.032258064516129,68.0,0.2352941176470588,5.0,0.6,880.0,0.0977272727272727,121.0,0.1074380165289256,1504.0,0.1090425531914894,187.0,0.1229946524064171,143.0,0.1328671328671329,17.0,0.0588235294117647,200.0,0.14,35.0,0.1714285714285714,9322.0,0.1591933061574769,1355.0,0.1431734317343174,27.0,0.0,6.0,0.0,8.0,0.0,1.0,0.0,29.0,0.1724137931034483,2.0,0.0,130.0,0.1538461538461539,8.0,0.0,183.0,0.092896174863388,28.0,0.1785714285714286,175.0,0.1371428571428572,22.0,0.0
2020-07-15 00:00:00,15887,0.15666897463334803,1882.0,0.1360255047821467,120.0,0.1166666666666667,3.0,0.0,604.0,0.2433774834437086,37.0,0.5405405405405406,358.0,0.0837988826815642,28.0,0.1071428571428571,56.0,0.1785714285714286,6.0,0.1666666666666667,945.0,0.1111111111111111,96.0,0.125,1570.0,0.1171974522292994,179.0,0.1340782122905028,195.0,0.1076923076923077,14.0,0.2857142857142857,164.0,0.225609756097561,31.0,0.1612903225806452,11022.0,0.1682090364725096,1402.0,0.1269614835948645,24.0,0.0416666666666667,2.0,0.0,17.0,0.0588235294117647,3.0,0.0,53.0,0.1509433962264151,7.0,0.2857142857142857,174.0,0.0977011494252874,14.0,0.1428571428571429,166.0,0.0903614457831325,25.0,0.04,198.0,0.1313131313131313,22.0,0.0454545454545455
2020-07-14 00:00:00,16326,0.1667279186573564,2431.0,0.1197038255861785,152.0,0.0789473684210526,1.0,0.0,648.0,0.2345679012345679,46.0,0.3478260869565218,300.0,0.1,33.0,0.0303030303030303,65.0,0.1076923076923077,9.0,0.1111111111111111,1043.0,0.13710450623202303,167.0,0.0958083832335329,1856.0,0.1427801724137931,222.0,0.1081081081081081,278.0,0.0935251798561151,10.0,0.1,231.0,0.1515151515151515,40.0,0.05,10856.0,0.1810980103168755,1819.0,0.1231445849367785,22.0,0.1818181818181818,7.0,0.1428571428571429,8.0,0.0,1.0,0.0,50.0,0.06,3.0,0.3333333333333333,136.0,0.1176470588235294,17.0,0.1176470588235294,185.0,0.0648648648648649,26.0,0.0384615384615385,257.0,0.1361867704280156,16.0,0.0
2020-07-13 00:00:00,15140,0.1771466314398943,2421.0,0.1152416356877324,116.0,0.1379310344827586,5.0,0.2,778.0,0.2043701799485861,49.0,0.2653061224489796,322.0,0.1024844720496894,44.0,0.0227272727272727,102.0,0.1862745098039216,10.0,0.4,789.0,0.1723700887198986,153.0,0.0392156862745098,1821.0,0.1235584843492587,240.0,0.0625,251.0,0.1633466135458167,16.0,0.125,259.0,0.2046332046332047,49.0,0.2653061224489796,9791.0,0.1934429578184047,1751.0,0.1245002855511137,22.0,0.0,,,10.0,0.0,,,77.0,0.0909090909090909,4.0,0.5,112.0,0.1517857142857143,18.0,0.0,363.0,0.0909090909090909,32.0,0.0625,147.0,0.1836734693877551,26.0,0.0384615384615385
2020-07-12 00:00:00,6586,0.1952626784087459,481.0,0.1081081081081081,11.0,0.2727272727272727,2.0,0.5,108.0,0.2685185185185186,4.0,0.5,105.0,0.1142857142857143,3.0,0.0,22.0,0.0909090909090909,2.0,0.0,405.0,0.1703703703703704,57.0,0.0526315789473684,727.0,0.1196698762035764,81.0,0.0740740740740741,82.0,0.3292682926829269,1.0,0.0,43.0,0.2558139534883721,2.0,0.0,4902.0,0.2095063239494084,315.0,0.1206349206349206,1.0,0.0,,,1.0,0.0,,,4.0,0.25,1.0,0.0,29.0,0.1379310344827586,6.0,0.0,53.0,0.0943396226415094,,,44.0,0.0454545454545455,2.0,0.0
2020-07-11 00:00:00,9936,0.1860909822866345,711.0,0.129395218002813,15.0,0.0666666666666667,1.0,0.0,81.0,0.2469135802469136,4.0,0.5,131.0,0.1297709923664122,2.0,0.0,39.0,0.1794871794871795,4.0,0.25,632.0,0.1503164556962025,108.0,0.0648148148148148,1209.0,0.1389578163771712,70.0,0.0571428571428571,81.0,0.2716049382716049,3.0,0.3333333333333333,78.0,0.2051282051282051,1.0,0.0,7280.0,0.2016483516483517,485.0,0.154639175257732,2.0,0.5,,,59.0,0.0508474576271187,,,9.0,0.0,,,34.0,0.0294117647058824,15.0,0.0,64.0,0.0625,1.0,1.0,125.0,0.07200000000000001,7.0,0.1428571428571429
2020-07-10 00:00:00,17186,0.1761899220295589,2492.0,0.0886837881219904,100.0,0.09,1.0,0.0,600.0,0.23,41.0,0.1463414634146342,353.0,0.1076487252124646,47.0,0.0851063829787234,97.0,0.288659793814433,16.0,0.25,970.0,0.1371134020618557,151.0,0.0596026490066225,2234.0,0.1204118173679499,268.0,0.0783582089552239,270.0,0.1518518518518519,6.0,0.1666666666666667,204.0,0.1813725490196078,46.0,0.0434782608695652,11327.0,0.1974044318884082,1821.0,0.0939044481054366,84.0,0.0,,,21.0,0.0,,,18.0,0.2222222222222222,6.0,0.0,91.0,0.0769230769230769,16.0,0.0,314.0,0.08917197452229303,19.0,0.0526315789473684,273.0,0.0805860805860806,30.0,0.0333333333333333
2020-07-09 00:00:00,18848,0.175509337860781,2307.0,0.094061551798873,156.0,0.10897435897435902,,,717.0,0.2105997210599721,90.0,0.2666666666666667,425.0,0.0658823529411765,46.0,0.0434782608695652,90.0,0.1666666666666667,9.0,0.3333333333333333,1032.0,0.1598837209302326,118.0,0.0508474576271187,2219.0,0.1180712032447048,181.0,0.0883977900552486,210.0,0.1476190476190476,10.0,0.1,278.0,0.1546762589928058,42.0,0.0714285714285714,12656.0,0.1956384323640961,1736.0,0.0904377880184332,35.0,0.0857142857142857,2.0,0.0,30.0,0.1333333333333333,1.0,0.0,35.0,0.1714285714285714,1.0,0.0,109.0,0.1376146788990826,10.0,0.1,284.0,0.0915492957746479,15.0,0.1333333333333333,299.0,0.1137123745819398,32.0,0.03125
2020-07-08 00:00:00,18384,0.19157963446475196,2226.0,0.101078167115903,112.0,0.1071428571428571,4.0,0.25,1020.0,0.2029411764705882,49.0,0.3469387755102041,431.0,0.0626450116009281,51.0,0.0392156862745098,107.0,0.2523364485981308,7.0,0.1428571428571429,1039.0,0.1867179980750722,133.0,0.0526315789473684,2488.0,0.1189710610932476,182.0,0.0824175824175824,202.0,0.1336633663366337,9.0,0.4444444444444444,255.0,0.19607843137254896,33.0,0.0,11809.0,0.2179693454145144,1671.0,0.1035308198683423,44.0,0.0909090909090909,1.0,0.0,8.0,0.0,2.0,0.0,39.0,0.1538461538461539,6.0,0.0,91.0,0.1098901098901099,13.0,0.0,313.0,0.1086261980830671,17.0,0.1176470588235294,204.0,0.14215686274509803,36.0,0.0
2020-07-07 00:00:00,18861,0.1927787498011771,2787.0,0.07463222102619299,258.0,0.0193798449612403,2.0,0.5,954.0,0.2064989517819707,60.0,0.25,578.0,0.1107266435986159,48.0,0.0208333333333333,126.0,0.253968253968254,15.0,0.2666666666666667,1323.0,0.1375661375661376,177.0,0.0677966101694915,2367.0,0.1504013519222645,244.0,0.0491803278688525,220.0,0.2272727272727273,7.0,0.1428571428571429,321.0,0.1775700934579439,46.0,0.10869565217391301,11487.0,0.2210324714895099,2089.0,0.0722833891814265,54.0,0.1111111111111111,10.0,0.1,1.0,0.0,1.0,0.0,50.0,0.12,2.0,0.0,180.0,0.0666666666666667,26.0,0.0,432.0,0.125,19.0,0.1052631578947368,280.0,0.1321428571428572,19.0,0.0
2020-07-06 00:00:00,18552,0.1981457524795171,2293.0,0.0798081116441343,145.0,0.0758620689655172,2.0,0.0,742.0,0.2493261455525607,56.0,0.2678571428571429,457.0,0.0787746170678337,39.0,0.0512820512820513,128.0,0.3046875,7.0,0.0,836.0,0.1949760765550239,160.0,0.03125,2317.0,0.1523521795425119,224.0,0.0491071428571429,271.0,0.1439114391143912,4.0,0.25,292.0,0.1712328767123288,39.0,0.0769230769230769,12021.0,0.2187837950253723,1662.0,0.0878459687123947,46.0,0.0652173913043478,1.0,0.0,14.0,0.1428571428571429,1.0,0.0,89.0,0.1797752808988764,3.0,0.0,152.0,0.125,17.0,0.0,578.0,0.1020761245674741,23.0,0.0,221.0,0.1900452488687783,28.0,0.0
2020-07-05 00:00:00,6510,0.2436251920122888,406.0,0.0640394088669951,15.0,0.2666666666666667,,,114.0,0.2719298245614035,1.0,1.0,95.0,0.1157894736842105,1.0,0.0,25.0,0.32,2.0,0.0,336.0,0.2232142857142857,28.0,0.0,926.0,0.1717062634989201,71.0,0.0563380281690141,54.0,0.2592592592592593,1.0,0.0,56.0,0.25,,,4628.0,0.2636127917026793,280.0,0.0714285714285714,6.0,0.3333333333333333,,,1.0,0.0,,,4.0,0.25,1.0,0.0,46.0,0.1304347826086957,9.0,0.0,84.0,0.1428571428571429,1.0,1.0,60.0,0.1833333333333333,5.0,0.0
2020-07-04 00:00:00,6289,0.2143425027826364,528.0,0.0757575757575758,26.0,0.2307692307692308,4.0,0.0,86.0,0.3255813953488373,1.0,1.0,76.0,0.0789473684210526,3.0,0.0,15.0,0.4,2.0,0.0,353.0,0.2492917847025496,44.0,0.0454545454545455,619.0,0.1954765751211632,67.0,0.0597014925373134,80.0,0.375,1.0,0.0,19.0,0.1578947368421053,,,4811.0,0.2128455622531698,375.0,0.0853333333333333,4.0,0.75,1.0,0.0,7.0,0.4285714285714286,,,,,,,69.0,0.1449275362318841,21.0,0.0,31.0,0.1612903225806452,,,41.0,0.0731707317073171,4.0,0.0
2020-07-03 00:00:00,13497,0.1957472030821664,848.0,0.0518867924528302,51.0,0.0392156862745098,,,184.0,0.2880434782608696,3.0,0.0,236.0,0.0889830508474576,5.0,0.2,59.0,0.2033898305084746,2.0,0.0,846.0,0.1784869976359338,68.0,0.0147058823529412,1517.0,0.1318391562294001,81.0,0.0246913580246914,150.0,0.1866666666666667,3.0,0.3333333333333333,155.0,0.2322580645161291,4.0,0.0,9857.0,0.2119306076899665,655.0,0.0564885496183206,3.0,0.0,,,5.0,0.0,,,2.0,0.0,,,123.0,0.0975609756097561,11.0,0.0909090909090909,128.0,0.046875,1.0,0.0,85.0,0.0823529411764706,10.0,0.0
2020-07-02 00:00:00,20525,0.1870889159561511,2629.0,0.0848231266641309,217.0,0.0599078341013825,7.0,0.1428571428571429,758.0,0.2071240105540897,63.0,0.2063492063492064,471.0,0.0806794055201699,40.0,0.05,157.0,0.2802547770700637,7.0,0.0,1510.0,0.1516556291390729,154.0,0.0844155844155844,2507.0,0.1487834064619067,255.0,0.0745098039215686,316.0,0.1708860759493671,18.0,0.1111111111111111,346.0,0.161849710982659,56.0,0.0535714285714286,13197.0,0.2098204137303933,1907.0,0.085998951232302,54.0,0.1111111111111111,7.0,0.0,7.0,0.0,2.0,0.0,29.0,0.2068965517241379,5.0,0.0,218.0,0.0596330275229358,25.0,0.16,244.0,0.0860655737704918,25.0,0.0,266.0,0.1203007518796993,26.0,0.0384615384615385
2020-07-01 00:00:00,20346,0.1962056423867099,2763.0,0.0727470141150923,136.0,0.0882352941176471,2.0,0.0,699.0,0.1988555078683834,49.0,0.2040816326530612,415.0,0.1108433734939759,54.0,0.037037037037037,135.0,0.2888888888888889,4.0,0.0,1208.0,0.1614238410596027,161.0,0.0248447204968944,2794.0,0.1395848246241947,235.0,0.0595744680851064,296.0,0.1655405405405406,30.0,0.1,276.0,0.1485507246376812,31.0,0.0645161290322581,12750.0,0.22807843137254896,2096.0,0.0772900763358779,71.0,0.1267605633802817,,,8.0,0.375,,,69.0,0.2318840579710145,,,202.0,0.0891089108910891,19.0,0.0526315789473684,415.0,0.0650602409638554,31.0,0.0,530.0,0.1169811320754717,28.0,0.0714285714285714
2020-06-30 00:00:00,21045,0.1992872416250891,2761.0,0.0601231437884824,199.0,0.0552763819095477,22.0,0.2272727272727273,979.0,0.2277834525025537,69.0,0.1449275362318841,441.0,0.0975056689342404,60.0,0.0,148.0,0.3581081081081081,11.0,0.0909090909090909,1262.0,0.1727416798732171,156.0,0.0320512820512821,2673.0,0.1391694725028059,293.0,0.0546075085324232,293.0,0.1331058020477816,31.0,0.0967741935483871,368.0,0.2255434782608696,55.0,0.0363636363636364,13226.0,0.2262210796915167,1971.0,0.060882800608827996,83.0,0.0240963855421687,1.0,0.0,11.0,0.0909090909090909,4.0,0.0,55.0,0.1454545454545455,2.0,0.0,199.0,0.085427135678392,16.0,0.0,409.0,0.1222493887530562,27.0,0.037037037037037,307.0,0.1042345276872964,23.0,0.0869565217391304
2020-06-29 00:00:00,20541,0.2109439657270824,3486.0,0.0786001147446931,156.0,0.1025641025641026,6.0,0.0,1102.0,0.2676950998185118,72.0,0.1388888888888889,421.0,0.1353919239904988,35.0,0.0285714285714286,174.0,0.3103448275862069,16.0,0.1875,972.0,0.2191358024691358,221.0,0.0497737556561086,2605.0,0.1335892514395394,322.0,0.0372670807453416,354.0,0.1581920903954803,24.0,0.0416666666666667,282.0,0.1666666666666667,55.0,0.0363636363636364,13195.0,0.2328912466843502,2585.0,0.0862669245647969,125.0,0.10400000000000001,1.0,0.0,19.0,0.1052631578947368,,,69.0,0.2318840579710145,1.0,0.0,178.0,0.151685393258427,29.0,0.0344827586206897,284.0,0.1267605633802817,33.0,0.1818181818181818,318.0,0.11949685534591198,46.0,0.0
2020-06-28 00:00:00,7590,0.2317523056653492,513.0,0.0448343079922027,23.0,0.0869565217391304,,,112.0,0.2321428571428572,7.0,0.1428571428571429,117.0,0.1025641025641026,3.0,0.0,21.0,0.3333333333333333,4.0,0.0,371.0,0.2102425876010782,67.0,0.0149253731343284,990.0,0.1393939393939394,68.0,0.0735294117647059,66.0,0.1666666666666667,2.0,0.0,91.0,0.1538461538461539,1.0,0.0,5530.0,0.2587703435804702,347.0,0.0461095100864553,7.0,0.1428571428571429,,,1.0,0.0,,,1.0,0.0,,,34.0,0.0588235294117647,7.0,0.0,68.0,0.2205882352941177,1.0,0.0,51.0,0.1568627450980392,2.0,0.0
2020-06-27 00:00:00,11203,0.2278853878425422,844.0,0.0367298578199052,14.0,0.0714285714285714,1.0,0.0,91.0,0.3296703296703297,8.0,0.0,197.0,0.1116751269035533,4.0,0.0,62.0,0.435483870967742,1.0,0.0,569.0,0.1933216168717048,83.0,0.036144578313253004,1391.0,0.1689432063263839,110.0,0.0363636363636364,69.0,0.2463768115942029,1.0,1.0,81.0,0.2592592592592593,1.0,0.0,8392.0,0.2430886558627264,602.0,0.0348837209302326,10.0,0.2,,,1.0,0.0,,,5.0,0.4,,,39.0,0.1538461538461539,13.0,0.0,80.0,0.0875,4.0,0.5,64.0,0.109375,8.0,0.0
2020-06-26 00:00:00,18811,0.1954707352081229,3622.0,0.0615681943677526,161.0,0.09316770186335399,6.0,0.0,1115.0,0.2161434977578475,71.0,0.2253521126760564,399.0,0.0802005012531328,98.0,0.0306122448979592,160.0,0.33125,8.0,0.125,841.0,0.1403091557669441,228.0,0.0307017543859649,1898.0,0.1343519494204426,336.0,0.0327380952380952,363.0,0.1046831955922865,24.0,0.0,306.0,0.2483660130718955,36.0,0.0277777777777778,12820.0,0.2145865834633385,2680.0,0.0671641791044776,33.0,0.2121212121212121,1.0,0.0,12.0,0.0833333333333333,,,20.0,0.15,5.0,0.0,138.0,0.10869565217391301,29.0,0.0344827586206897,214.0,0.1308411214953271,37.0,0.027027027027027,203.0,0.0985221674876847,28.0,0.0357142857142857
2020-06-25 00:00:00,18053,0.1985819531379826,3395.0,0.056259204712812996,146.0,0.0479452054794521,11.0,0.0,934.0,0.2301927194860814,48.0,0.1458333333333334,354.0,0.0706214689265537,53.0,0.0188679245283019,190.0,0.3368421052631579,8.0,0.25,830.0,0.1807228915662651,175.0,0.04,2297.0,0.1345232912494558,250.0,0.048,240.0,0.0958333333333333,15.0,0.2,355.0,0.1436619718309859,53.0,0.0566037735849057,11838.0,0.2209832742017233,2619.0,0.0591828942344406,62.0,0.0645161290322581,18.0,0.0,11.0,0.0,1.0,0.0,35.0,0.3428571428571429,34.0,0.0,144.0,0.1111111111111111,8.0,0.0,183.0,0.1530054644808743,38.0,0.0,274.0,0.1496350364963504,41.0,0.0
2020-06-24 00:00:00,18163,0.1922589880526345,3422.0,0.0534774985388662,158.0,0.0443037974683544,14.0,0.0,1221.0,0.22194922194922198,49.0,0.1224489795918367,283.0,0.1130742049469965,41.0,0.0,154.0,0.2467532467532468,9.0,0.1111111111111111,1413.0,0.1125265392781316,179.0,0.0391061452513967,1931.0,0.1284308648368721,248.0,0.0403225806451613,402.0,0.1044776119402985,27.0,0.0,224.0,0.1830357142857143,64.0,0.046875,11574.0,0.2208398133748056,2621.0,0.0568485310950019,56.0,0.0892857142857143,49.0,0.0204081632653061,13.0,0.0,2.0,0.0,21.0,0.1428571428571429,1.0,0.0,184.0,0.1032608695652174,25.0,0.0,198.0,0.101010101010101,37.0,0.027027027027027,207.0,0.1642512077294686,16.0,0.0
2020-06-23 00:00:00,17917,0.1782664508567282,3548.0,0.0600338218714769,204.0,0.0686274509803922,11.0,0.2727272727272727,676.0,0.2633136094674557,121.0,0.1652892561983471,386.0,0.0569948186528497,37.0,0.027027027027027,120.0,0.2833333333333334,11.0,0.1818181818181818,1709.0,0.0959625511995319,226.0,0.0707964601769912,2276.0,0.140597539543058,417.0,0.1534772182254197,350.0,0.0885714285714286,24.0,0.0833333333333333,176.0,0.1875,44.0,0.0227272727272727,11199.0,0.2045718367711403,2482.0,0.040290088638195,57.0,0.1228070175438597,60.0,0.0333333333333333,13.0,0.0,,,28.0,0.1071428571428571,4.0,0.0,162.0,0.1296296296296296,22.0,0.0,245.0,0.0979591836734694,34.0,0.0294117647058824,164.0,0.1524390243902439,26.0,0.0
2020-06-22 00:00:00,16430,0.1983566646378576,2849.0,0.0414180414180414,244.0,0.1024590163934426,8.0,0.25,911.0,0.2799121844127333,39.0,0.1538461538461539,452.0,0.081858407079646,44.0,0.0227272727272727,160.0,0.3,22.0,0.2727272727272727,968.0,0.1694214876033058,201.0,0.0149253731343284,2008.0,0.1354581673306773,289.0,0.027681660899653997,335.0,0.19104477611940301,38.0,0.0263157894736842,164.0,0.1280487804878049,47.0,0.0851063829787234,10322.0,0.2173028482852161,1957.0,0.0424118548799182,75.0,0.2133333333333334,46.0,0.0217391304347826,10.0,0.0,,,23.0,0.1739130434782609,3.0,0.3333333333333333,193.0,0.0725388601036269,19.0,0.0526315789473684,239.0,0.1548117154811715,48.0,0.0208333333333333,210.0,0.1619047619047619,39.0,0.0
2020-06-21 00:00:00,6091,0.23362337875554104,651.0,0.0476190476190476,6.0,0.3333333333333333,2.0,0.0,57.0,0.4035087719298246,4.0,0.75,100.0,0.08,3.0,0.0,40.0,0.425,3.0,0.0,381.0,0.1758530183727034,79.0,0.0,1087.0,0.1517939282428703,78.0,0.0,63.0,0.253968253968254,3.0,0.3333333333333333,27.0,0.3703703703703704,,,4150.0,0.2604819277108434,459.0,0.0566448801742919,4.0,0.5,,,7.0,0.0,,,2.0,0.0,,,48.0,0.2083333333333334,6.0,0.0,39.0,0.1794871794871795,,,41.0,0.1951219512195122,6.0,0.0
2020-06-20 00:00:00,10053,0.2066049935342684,816.0,0.0343137254901961,43.0,0.2093023255813954,1.0,0.0,405.0,0.2493827160493827,2.0,0.0,188.0,0.1648936170212766,9.0,0.1111111111111111,91.0,0.2527472527472528,6.0,0.0,518.0,0.1544401544401544,83.0,0.0481927710843374,1441.0,0.1665510062456628,84.0,0.0476190476190476,130.0,0.0923076923076923,1.0,0.0,59.0,0.2542372881355932,,,6744.0,0.2237544483985765,605.0,0.028099173553719,9.0,0.0,1.0,0.0,4.0,0.25,,,5.0,0.2,,,84.0,0.1785714285714286,8.0,0.0,127.0,0.0708661417322835,4.0,0.25,122.0,0.0983606557377049,8.0,0.125
2020-06-19 00:00:00,16771,0.1702343330749508,3359.0,0.0369157487347425,66.0,0.0454545454545455,2.0,0.0,959.0,0.1939520333680918,60.0,0.05,350.0,0.0742857142857143,121.0,0.0082644628099174,187.0,0.2352941176470588,18.0,0.1111111111111111,1054.0,0.1356736242884251,208.0,0.0480769230769231,2119.0,0.1278905143935819,362.0,0.0414364640883978,114.0,0.2280701754385965,43.0,0.0465116279069767,140.0,0.1642857142857143,47.0,0.0,10758.0,0.1903699572411229,2347.0,0.0366425223689817,40.0,0.1,2.0,0.0,4.0,0.0,2.0,0.0,11.0,0.0,3.0,0.0,143.0,0.034965034965035,29.0,0.0,175.0,0.1028571428571429,44.0,0.0454545454545455,532.0,0.0733082706766917,37.0,0.0540540540540541
2020-06-18 00:00:00,15722,0.1736420302760463,3013.0,0.0358446730833057,137.0,0.1240875912408759,4.0,0.0,1520.0,0.1710526315789474,208.0,0.0288461538461539,241.0,0.0871369294605809,42.0,0.0,172.0,0.2732558139534884,16.0,0.125,781.0,0.1690140845070423,147.0,0.0408163265306122,1880.0,0.1335106382978724,258.0,0.0465116279069767,319.0,0.103448275862069,25.0,0.0,206.0,0.1262135922330097,48.0,0.0208333333333333,9655.0,0.1911962713619886,2148.0,0.0358472998137803,88.0,0.0568181818181818,1.0,0.0,8.0,0.125,,,12.0,0.0,1.0,0.0,217.0,0.0829493087557604,11.0,0.0,174.0,0.1379310344827586,37.0,0.0810810810810811,198.0,0.1313131313131313,41.0,0.0
2020-06-17 00:00:00,13572,0.1907603890362511,2698.0,0.0415122312824314,98.0,0.0204081632653061,4.0,0.25,1312.0,0.2035060975609756,213.0,0.0375586854460094,183.0,0.1038251366120219,50.0,0.0,172.0,0.3488372093023256,16.0,0.0625,754.0,0.1830238726790451,143.0,0.027972027972028,1579.0,0.1500949968334389,226.0,0.0442477876106195,220.0,0.1772727272727273,29.0,0.0344827586206897,95.0,0.2105263157894737,42.0,0.0,8419.0,0.2044185770281506,1818.0,0.0462046204620462,72.0,0.1666666666666667,2.0,0.0,10.0,0.0,2.0,0.0,22.0,0.0454545454545455,5.0,0.0,193.0,0.1036269430051813,15.0,0.0,167.0,0.0538922155688623,61.0,0.0163934426229508,132.0,0.196969696969697,29.0,0.0344827586206897
2020-06-16 00:00:00,13430,0.1719285182427401,3563.0,0.0331181588548976,106.0,0.0754716981132076,4.0,0.0,426.0,0.136150234741784,84.0,0.0238095238095238,317.0,0.0725552050473186,100.0,0.02,203.0,0.3103448275862069,20.0,0.05,964.0,0.1452282157676349,280.0,0.0178571428571429,1502.0,0.1418109187749667,310.0,0.0161290322580645,216.0,0.1666666666666667,24.0,0.0416666666666667,118.0,0.1016949152542373,49.0,0.0612244897959184,8672.0,0.1908440959409594,2525.0,0.0368316831683168,70.0,0.1,8.0,0.25,11.0,0.0909090909090909,1.0,0.0,16.0,0.0625,7.0,0.1428571428571429,233.0,0.1030042918454936,25.0,0.0,131.0,0.1068702290076336,53.0,0.0377358490566038,307.0,0.0716612377850163,33.0,0.0
2020-06-15 00:00:00,13011,0.1703174237183921,2698.0,0.0329873980726464,132.0,0.143939393939394,5.0,0.0,1196.0,0.18979933110367897,28.0,0.0,266.0,0.0488721804511278,43.0,0.0,204.0,0.3186274509803922,21.0,0.0476190476190476,609.0,0.187192118226601,196.0,0.0153061224489796,1659.0,0.1404460518384569,435.0,0.0275862068965517,308.0,0.1720779220779221,20.0,0.05,111.0,0.1081081081081081,33.0,0.0,7899.0,0.1786302063552348,1793.0,0.0373675404350251,64.0,0.140625,8.0,0.0,5.0,0.0,,,18.0,0.0,3.0,0.0,102.0,0.0686274509803922,15.0,0.0666666666666667,179.0,0.0893854748603352,36.0,0.0277777777777778,154.0,0.1363636363636364,27.0,0.1111111111111111
2020-06-14 00:00:00,4565,0.1802847754654984,629.0,0.0222575516693164,45.0,0.1555555555555556,1.0,0.0,58.0,0.2586206896551725,2.0,0.0,67.0,0.0149253731343284,7.0,0.0,45.0,0.2,3.0,0.0,297.0,0.1717171717171717,53.0,0.0377358490566038,655.0,0.1465648854961832,96.0,0.0104166666666667,45.0,0.2666666666666667,,,34.0,0.2058823529411765,2.0,0.0,3134.0,0.19463943841735798,438.0,0.0251141552511416,4.0,0.0,1.0,0.0,3.0,0.0,,,2.0,0.0,,,78.0,0.0128205128205128,12.0,0.0,28.0,0.1428571428571429,1.0,0.0,30.0,0.1333333333333333,4.0,0.0
2020-06-13 00:00:00,7540,0.1708222811671088,830.0,0.0240963855421687,44.0,0.1818181818181818,,,1391.0,0.1739755571531272,,,103.0,0.0194174757281553,4.0,0.0,106.0,0.3207547169811321,,,315.0,0.1523809523809524,92.0,0.0108695652173913,931.0,0.1740064446831364,123.0,0.024390243902439,48.0,0.25,3.0,0.3333333333333333,21.0,0.0,,,4115.0,0.1837181044957473,575.0,0.0260869565217391,2.0,1.0,,,11.0,0.0,,,202.0,0.004950495049505,1.0,0.0,118.0,0.076271186440678,8.0,0.0,39.0,0.0256410256410256,4.0,0.0,49.0,0.0816326530612245,7.0,0.0
2020-06-12 00:00:00,12976,0.1376387176325524,2959.0,0.032781345049003,229.0,0.0393013100436681,9.0,0.0,1050.0,0.1533333333333333,50.0,0.1,256.0,0.015625,92.0,0.0217391304347826,212.0,0.2924528301886793,32.0,0.0,682.0,0.1671554252199414,200.0,0.03,1339.0,0.1187453323375654,336.0,0.0238095238095238,211.0,0.1611374407582938,26.0,0.0,153.0,0.1699346405228758,62.0,0.032258064516129,7895.0,0.1435085497150095,2001.0,0.0329835082458771,66.0,0.1060606060606061,8.0,0.0,4.0,0.0,1.0,0.0,10.0,0.0,5.0,0.0,53.0,0.0,21.0,0.1428571428571429,131.0,0.0916030534351145,34.0,0.0588235294117647,594.0,0.0892255892255892,45.0,0.0222222222222222
2020-06-11 00:00:00,11354,0.1403029769244319,3356.0,0.0330750893921335,125.0,0.055999999999999994,9.0,0.2222222222222222,1059.0,0.1425873465533522,69.0,0.0579710144927536,233.0,0.0300429184549356,37.0,0.027027027027027,214.0,0.2102803738317757,33.0,0.1515151515151515,587.0,0.1277683134582624,194.0,0.0360824742268041,1006.0,0.1242544731610338,269.0,0.0223048327137546,451.0,0.0909090909090909,41.0,0.024390243902439,104.0,0.0865384615384615,69.0,0.0144927536231884,6989.0,0.1563886106739162,2013.0,0.0367610531544958,204.0,0.0196078431372549,232.0,0.0258620689655172,1.0,0.0,3.0,0.0,11.0,0.0909090909090909,76.0,0.0,59.0,0.1694915254237288,119.0,0.0,128.0,0.0546875,112.0,0.0089285714285714,98.0,0.1020408163265306,33.0,0.0303030303030303
2020-06-10 00:00:00,11439,0.1369874989072471,3243.0,0.0302189330866482,151.0,0.0728476821192053,6.0,0.0,896.0,0.1986607142857143,49.0,0.163265306122449,184.0,0.0434782608695652,44.0,0.0,240.0,0.3541666666666667,26.0,0.0384615384615385,1054.0,0.0683111954459203,395.0,0.0278481012658228,1205.0,0.1294605809128631,463.0,0.0453563714902808,208.0,0.1490384615384615,17.0,0.0588235294117647,105.0,0.0666666666666667,52.0,0.0576923076923077,6612.0,0.14670296430732,1750.0,0.0262857142857143,329.0,0.0516717325227964,199.0,0.0150753768844221,11.0,0.0,1.0,0.0,18.0,0.0,4.0,0.0,50.0,0.12,43.0,0.0,125.0,0.048,22.0,0.0,179.0,0.0726256983240224,129.0,0.0077519379844961
2020-06-09 00:00:00,11873,0.1308852017181841,3243.0,0.0366944187480728,170.0,0.0941176470588235,9.0,0.0,872.0,0.2064220183486239,116.0,0.0086206896551724,285.0,0.0210526315789474,85.0,0.0,242.0,0.3264462809917356,39.0,0.1282051282051282,1589.0,0.1038388923851479,169.0,0.0236686390532544,1307.0,0.1162968630451416,359.0,0.0334261838440111,179.0,0.1731843575418995,21.0,0.0952380952380952,104.0,0.0576923076923077,50.0,0.02,6424.0,0.1346513075965131,2068.0,0.0415860735009671,25.0,0.04,5.0,0.0,3.0,0.0,4.0,0.0,54.0,0.0,111.0,0.009009009009009002,103.0,0.029126213592232997,106.0,0.0283018867924528,109.0,0.0458715596330275,34.0,0.0882352941176471,340.0,0.0823529411764706,25.0,0.0
2020-06-08 00:00:00,10866,0.1318792563960979,3209.0,0.0392645684013711,135.0,0.0592592592592593,11.0,0.1818181818181818,1024.0,0.1796875,101.0,0.0594059405940594,288.0,0.0416666666666667,38.0,0.0263157894736842,223.0,0.336322869955157,26.0,0.0769230769230769,694.0,0.1123919308357349,183.0,0.0491803278688525,1219.0,0.0951599671862182,483.0,0.0766045548654244,232.0,0.1681034482758621,91.0,0.021978021978022,220.0,0.0272727272727273,44.0,0.0227272727272727,6393.0,0.1378069763804161,2003.0,0.0304543185222167,31.0,0.3548387096774194,6.0,0.0,15.0,0.0,3.0,0.0,20.0,0.05,2.0,0.0,70.0,0.0285714285714286,110.0,0.0272727272727273,125.0,0.064,34.0,0.0294117647058824,98.0,0.0612244897959184,30.0,0.0
2020-06-07 00:00:00,3612,0.1561461794019934,606.0,0.0264026402640264,33.0,0.1515151515151515,,,44.0,0.3863636363636364,3.0,0.0,56.0,0.0714285714285714,3.0,0.0,80.0,0.35,2.0,0.0,174.0,0.0804597701149425,59.0,0.0169491525423729,515.0,0.1281553398058253,80.0,0.0125,38.0,0.368421052631579,,,10.0,0.3,1.0,0.0,2528.0,0.160996835443038,381.0,0.0341207349081365,3.0,0.0,1.0,0.0,12.0,0.0,,,6.0,0.0,2.0,0.0,27.0,0.0,10.0,0.0,35.0,0.0285714285714286,50.0,0.02,21.0,0.1428571428571429,5.0,0.0
2020-06-06 00:00:00,4631,0.1410062621464047,1002.0,0.0558882235528942,44.0,0.0681818181818182,1.0,0.0,108.0,0.25,2.0,1.0,55.0,0.0181818181818182,2.0,0.0,105.0,0.3523809523809524,6.0,0.0,249.0,0.0763052208835341,87.0,0.0344827586206897,610.0,0.1327868852459016,267.0,0.0262172284644195,55.0,0.2545454545454545,1.0,0.0,73.0,0.2328767123287671,27.0,0.4814814814814816,3191.0,0.138827953619555,572.0,0.0541958041958042,2.0,0.0,1.0,0.0,,,,,1.0,1.0,,,30.0,0.0666666666666667,15.0,0.0,40.0,0.125,3.0,0.0,27.0,0.037037037037037,10.0,0.0
2020-06-05 00:00:00,10282,0.10542695973546,3264.0,0.0333946078431373,110.0,0.1090909090909091,10.0,0.1,834.0,0.1810551558752998,74.0,0.0,290.0,0.0310344827586207,114.0,0.0087719298245614,190.0,0.2473684210526316,31.0,0.0,672.0,0.08779761904761901,188.0,0.07446808510638299,1274.0,0.0855572998430141,317.0,0.0157728706624606,146.0,0.2191780821917808,23.0,0.0434782608695652,229.0,0.0305676855895197,183.0,0.0491803278688525,5823.0,0.1061308603812468,2185.0,0.0347826086956522,203.0,0.0591133004926108,10.0,0.0,13.0,0.0,3.0,0.0,12.0,0.0,5.0,0.0,44.0,0.0681818181818182,17.0,0.0,124.0,0.0806451612903226,37.0,0.0,256.0,0.04296875,32.0,0.03125
2020-06-04 00:00:00,8558,0.1180182285580743,3189.0,0.0576983380370022,103.0,0.1553398058252427,7.0,0.0,781.0,0.1907810499359795,107.0,0.0093457943925234,185.0,0.0216216216216216,40.0,0.05,160.0,0.30625,13.0,0.0,578.0,0.0622837370242215,141.0,0.0283687943262411,1222.0,0.0867430441898527,421.0,0.0997624703087886,151.0,0.2052980132450331,25.0,0.0,104.0,0.0576923076923077,49.0,0.0408163265306122,4791.0,0.1189730745147151,2175.0,0.0593103448275862,49.0,0.3469387755102041,3.0,0.0,8.0,0.0,2.0,0.0,18.0,0.0,37.0,0.0,76.0,0.0131578947368421,9.0,0.0,85.0,0.0823529411764706,109.0,0.0091743119266055,183.0,0.0546448087431694,30.0,0.0333333333333333
2020-06-03 00:00:00,8206,0.1269802583475506,3137.0,0.0318775900541919,108.0,0.1481481481481482,11.0,0.0,938.0,0.1695095948827292,195.0,0.0256410256410256,129.0,0.0077519379844961,67.0,0.0149253731343284,130.0,0.3076923076923077,13.0,0.0,412.0,0.0970873786407767,153.0,0.0326797385620915,1081.0,0.091581868640148,457.0,0.0284463894967177,133.0,0.1729323308270677,35.0,0.1428571428571429,300.0,0.0266666666666667,41.0,0.0731707317073171,4578.0,0.1367409349060725,1909.0,0.034049240440021,29.0,0.2413793103448276,5.0,0.0,15.0,0.0666666666666667,,,6.0,0.0,1.0,0.0,42.0,0.0476190476190476,40.0,0.025,99.0,0.0505050505050505,84.0,0.0238095238095238,131.0,0.0534351145038168,89.0,0.0
2020-06-02 00:00:00,8377,0.1187776053479766,3681.0,0.0277098614506927,136.0,0.1176470588235294,5.0,0.2,953.0,0.1626442812172088,174.0,0.0402298850574713,210.0,0.0190476190476191,88.0,0.0,105.0,0.4285714285714286,17.0,0.0,443.0,0.126410835214447,206.0,0.0194174757281553,897.0,0.0958751393534002,332.0,0.0180722891566265,165.0,0.2181818181818182,30.0,0.1,262.0,0.0954198473282443,44.0,0.0,4751.0,0.1115554620079983,2493.0,0.0304853590052146,143.0,0.1468531468531469,5.0,0.0,5.0,0.0,3.0,0.0,15.0,0.0,48.0,0.0,44.0,0.0227272727272727,24.0,0.0416666666666667,86.0,0.0930232558139535,91.0,0.021978021978022,91.0,0.0769230769230769,44.0,0.0
2020-06-01 00:00:00,8130,0.1097170971709717,3966.0,0.0277357539082199,147.0,0.1292517006802721,8.0,0.25,885.0,0.1807909604519774,54.0,0.0,253.0,0.0118577075098814,202.0,0.0247524752475248,109.0,0.3577981651376147,9.0,0.0,528.0,0.0625,211.0,0.018957345971564,973.0,0.0770811921891059,465.0,0.0193548387096774,172.0,0.1279069767441861,42.0,0.0,101.0,0.2178217821782178,48.0,0.0416666666666667,4564.0,0.1062664329535495,2760.0,0.0311594202898551,75.0,0.1466666666666667,15.0,0.0,9.0,0.0,4.0,0.0,15.0,0.0,4.0,0.0,49.0,0.0204081632653061,17.0,0.0,115.0,0.1217391304347826,39.0,0.0512820512820513,76.0,0.0789473684210526,28.0,0.0
2020-05-31 00:00:00,2490,0.1176706827309237,720.0,0.0138888888888889,31.0,0.1935483870967742,,,20.0,0.4,3.0,0.0,42.0,0.0,2.0,0.0,26.0,0.2307692307692308,2.0,0.0,179.0,0.0893854748603352,70.0,0.0285714285714286,392.0,0.0918367346938776,82.0,0.0121951219512195,41.0,0.3414634146341464,2.0,0.5,28.0,0.1785714285714286,1.0,0.0,1635.0,0.1198776758409786,538.0,0.0092936802973978,2.0,0.0,,,5.0,0.0,,,6.0,0.1666666666666667,,,19.0,0.0526315789473684,11.0,0.0,21.0,0.0,1.0,0.0,17.0,0.0,3.0,0.0
2020-05-30 00:00:00,7581,0.0795409576573012,1831.0,0.022392135445112003,52.0,0.1538461538461539,,,526.0,0.1825095057034221,192.0,0.0208333333333333,335.0,0.0059701492537313,1.0,0.0,52.0,0.2692307692307692,8.0,0.0,276.0,0.0543478260869565,144.0,0.0,1559.0,0.0801796023091726,118.0,0.0169491525423729,58.0,0.1724137931034483,4.0,0.25,36.0,0.0833333333333333,,,3637.0,0.0841352763266428,1248.0,0.0264423076923077,113.0,0.0088495575221239,2.0,0.0,1.0,0.0,,,3.0,0.0,,,181.0,0.0331491712707182,15.0,0.0,36.0,0.0833333333333333,5.0,0.2,653.0,0.0183767228177642,80.0,0.0
2020-05-29 00:00:00,8666,0.0814678052157858,3633.0,0.0366088631984586,99.0,0.1818181818181818,10.0,0.0,641.0,0.1840873634945398,67.0,0.0149253731343284,205.0,0.0097560975609756,39.0,0.0256410256410256,81.0,0.1728395061728395,12.0,0.0,472.0,0.0741525423728814,310.0,0.0935483870967742,1113.0,0.0584007187780773,435.0,0.0413793103448276,210.0,0.0952380952380952,51.0,0.0,103.0,0.087378640776699,63.0,0.0,4327.0,0.0852784839380633,2409.0,0.03320880033208799,388.0,0.0489690721649485,6.0,0.0,28.0,0.0714285714285714,2.0,0.0,13.0,0.0,7.0,0.0,151.0,0.0066225165562914,102.0,0.0098039215686275,587.0,0.040885860306644,35.0,0.0,173.0,0.0289017341040462,23.0,0.0
2020-05-28 00:00:00,7226,0.0840022142264047,3625.0,0.031448275862069,142.0,0.1056338028169014,12.0,0.0,708.0,0.1327683615819209,374.0,0.0347593582887701,150.0,0.0133333333333333,52.0,0.0192307692307692,83.0,0.2891566265060241,21.0,0.0,381.0,0.0551181102362205,160.0,0.0375,1003.0,0.0528414755732802,356.0,0.0421348314606742,359.0,0.0724233983286908,43.0,0.0465116279069767,106.0,0.1415094339622642,47.0,0.0,3664.0,0.0895196506550218,2127.0,0.0300893276915844,81.0,0.0740740740740741,9.0,0.0,5.0,0.2,2.0,0.0,19.0,0.1578947368421053,4.0,0.0,118.0,0.0169491525423729,77.0,0.0,94.0,0.07446808510638299,45.0,0.0888888888888889,259.0,0.0154440154440154,178.0,0.0280898876404494
2020-05-27 00:00:00,6043,0.1011087208340228,3704.0,0.0348272138228942,150.0,0.06,9.0,0.0,768.0,0.2135416666666667,98.0,0.0408163265306122,162.0,0.0185185185185185,93.0,0.010752688172043001,109.0,0.3027522935779817,17.0,0.0,350.0,0.0342857142857143,164.0,0.0182926829268293,881.0,0.0737797956867196,503.0,0.0596421471172962,230.0,0.1434782608695652,108.0,0.0648148148148148,86.0,0.1279069767441861,52.0,0.0,2954.0,0.0829383886255924,2362.0,0.0321761219305673,27.0,0.4444444444444444,8.0,0.0,8.0,0.125,4.0,0.0,13.0,0.0769230769230769,9.0,0.0,96.0,0.0,66.0,0.0,88.0,0.1136363636363636,42.0,0.0238095238095238,84.0,0.0833333333333333,51.0,0.0196078431372549
2020-05-26 00:00:00,6487,0.0849391089872052,3891.0,0.0215882806476484,128.0,0.1328125,11.0,0.0,425.0,0.1623529411764706,120.0,0.0166666666666667,249.0,0.0040160642570281,103.0,0.0,96.0,0.3541666666666667,24.0,0.0,324.0,0.0925925925925926,193.0,0.0103626943005181,890.0,0.0584269662921348,415.0,0.0313253012048193,496.0,0.0745967741935484,77.0,0.025974025974026,100.0,0.17,60.0,0.0,3326.0,0.0796752856283824,2492.0,0.0224719101123596,11.0,0.0909090909090909,9.0,0.0,8.0,0.0,1.0,0.0,14.0,0.2142857142857143,17.0,0.0,156.0,0.0,164.0,0.0060975609756098,152.0,0.1381578947368421,60.0,0.05,65.0,0.0153846153846154,48.0,0.0
2020-05-25 00:00:00,2144,0.0928171641791045,521.0,0.017274472168906003,41.0,0.3170731707317073,2.0,0.0,37.0,0.5405405405405406,2.0,0.0,46.0,0.0,3.0,0.0,27.0,0.5185185185185186,4.0,0.0,127.0,0.047244094488189003,58.0,0.0,366.0,0.0956284153005464,72.0,0.0138888888888889,55.0,0.1454545454545455,2.0,1.0,47.0,0.1063829787234043,1.0,0.0,1293.0,0.0680587780355762,355.0,0.0169014084507042,4.0,0.0,,,,,,,1.0,0.0,,,18.0,0.0,10.0,0.0,28.0,0.1785714285714286,2.0,0.0,19.0,0.1578947368421053,3.0,0.0
2020-05-24 00:00:00,2497,0.0845014016820184,649.0,0.0184899845916795,31.0,0.4193548387096775,,,35.0,0.3714285714285715,1.0,0.0,193.0,0.0,8.0,0.0,31.0,0.2903225806451613,2.0,0.0,152.0,0.0592105263157895,62.0,0.0161290322580645,454.0,0.0638766519823789,79.0,0.0126582278481013,42.0,0.4523809523809524,2.0,0.5,34.0,0.1176470588235294,1.0,0.0,1408.0,0.0759943181818182,458.0,0.0152838427947598,5.0,0.0,,,,,,,2.0,0.0,1.0,0.0,24.0,0.0,13.0,0.0,37.0,0.1621621621621622,4.0,0.5,24.0,0.0,9.0,0.0
2020-05-23 00:00:00,4621,0.0551828608526293,2122.0,0.0221489161168709,27.0,0.1481481481481482,3.0,0.0,370.0,0.1027027027027027,6.0,0.0,183.0,0.0109289617486339,38.0,0.0526315789473684,36.0,0.4722222222222222,1.0,0.0,246.0,0.0528455284552846,164.0,0.0121951219512195,537.0,0.0633147113594041,111.0,0.009009009009009002,41.0,0.0975609756097561,3.0,0.0,194.0,0.0154639175257732,3.0,0.0,2832.0,0.047316384180790996,1721.0,0.0226612434631029,5.0,0.2,,,,,,,4.0,0.25,1.0,0.0,35.0,0.0,19.0,0.1052631578947368,36.0,0.1111111111111111,4.0,0.25,28.0,0.0,9.0,0.0
2020-05-22 00:00:00,5852,0.0625427204374573,3968.0,0.0241935483870968,95.0,0.1578947368421053,11.0,0.0,479.0,0.1294363256784969,101.0,0.0594059405940594,234.0,0.0042735042735043,92.0,0.0,51.0,0.2745098039215687,18.0,0.0,243.0,0.0329218106995885,185.0,0.0162162162162162,844.0,0.0450236966824645,350.0,0.02,236.0,0.1652542372881356,42.0,0.0238095238095238,277.0,0.0830324909747292,90.0,0.0333333333333333,3099.0,0.0471119716037431,2855.0,0.0241681260945709,8.0,0.0,13.0,0.0,3.0,0.0,3.0,0.0,9.0,0.0,20.0,0.0,16.0,0.0,16.0,0.0,113.0,0.1238938053097345,60.0,0.0166666666666667,89.0,0.0337078651685393,23.0,0.0434782608695652
2020-05-21 00:00:00,5625,0.0643555555555556,4118.0,0.0206410879067509,84.0,0.2023809523809524,24.0,0.0,572.0,0.1625874125874126,56.0,0.0535714285714286,192.0,0.0,118.0,0.0,65.0,0.1692307692307693,29.0,0.0344827586206897,228.0,0.0526315789473684,182.0,0.032967032967032996,673.0,0.0326894502228826,342.0,0.0116959064327485,431.0,0.0533642691415313,165.0,0.0242424242424242,92.0,0.0978260869565217,77.0,0.0,2927.0,0.0543218312265118,2699.0,0.0233419785105595,9.0,0.1111111111111111,7.0,0.0,5.0,0.0,3.0,0.0,6.0,0.1666666666666667,18.0,0.0,133.0,0.0075187969924812,115.0,0.0,93.0,0.1290322580645161,57.0,0.0175438596491228,71.0,0.0140845070422535,59.0,0.0
2020-05-20 00:00:00,4789,0.0741282104823554,4406.0,0.0245120290512937,104.0,0.1730769230769231,26.0,0.0,357.0,0.184873949579832,83.0,0.07228915662650601,160.0,0.00625,82.0,0.0,91.0,0.4395604395604396,46.0,0.0,179.0,0.0558659217877095,176.0,0.0284090909090909,636.0,0.0518867924528302,375.0,0.024,102.0,0.1568627450980392,55.0,0.0181818181818182,50.0,0.1,93.0,0.021505376344086002,2527.0,0.0561931143648595,2810.0,0.0259786476868327,114.0,0.0,196.0,0.0051020408163265,9.0,0.1111111111111111,3.0,0.0,4.0,0.0,26.0,0.0,88.0,0.0,117.0,0.0085470085470085,167.0,0.0778443113772455,48.0,0.0208333333333333,149.0,0.0536912751677852,58.0,0.0172413793103448
2020-05-19 00:00:00,5679,0.0503609790456066,4474.0,0.0272686633884667,81.0,0.1234567901234568,14.0,0.1428571428571429,287.0,0.1219512195121951,115.0,0.0260869565217391,157.0,0.0063694267515924,69.0,0.0,81.0,0.1975308641975309,51.0,0.0,287.0,0.0696864111498258,233.0,0.0128755364806867,751.0,0.0399467376830892,412.0,0.0315533980582524,226.0,0.0486725663716814,56.0,0.0,65.0,0.0461538461538462,77.0,0.038961038961039,2905.0,0.0475043029259897,3122.0,0.029788597053171,11.0,0.0909090909090909,8.0,0.125,9.0,0.0,3.0,0.0,12.0,0.0833333333333333,14.0,0.0,133.0,0.0,83.0,0.0,582.0,0.0274914089347079,53.0,0.0,42.0,0.0238095238095238,56.0,0.0178571428571429
2020-05-18 00:00:00,6153,0.0619210141394442,4624.0,0.0268166089965398,56.0,0.0714285714285714,10.0,0.0,310.0,0.1290322580645161,74.0,0.0135135135135135,165.0,0.0181818181818182,60.0,0.05,56.0,0.3392857142857143,62.0,0.0161290322580645,324.0,0.0432098765432099,256.0,0.01953125,817.0,0.0452876376988984,459.0,0.0217864923747277,98.0,0.1530612244897959,81.0,0.0,60.0,0.0,108.0,0.0462962962962963,3917.0,0.05948429920857799,3124.0,0.029449423815621004,6.0,0.1666666666666667,8.0,0.0,7.0,0.0,1.0,0.0,8.0,0.0,21.0,0.0,32.0,0.0625,66.0,0.0151515151515152,118.0,0.076271186440678,86.0,0.0116279069767442,42.0,0.0238095238095238,32.0,0.0
2020-05-17 00:00:00,2595,0.0366088631984586,1201.0,0.0091590341382182,16.0,0.0625,3.0,0.0,25.0,0.32,3.0,0.0,44.0,0.0,8.0,0.0,14.0,0.0714285714285714,1.0,0.0,177.0,0.0056497175141243,114.0,0.0087719298245614,323.0,0.04334365325077401,71.0,0.0,25.0,0.2800000000000001,1.0,0.0,36.0,0.0,,,1724.0,0.0330626450116009,964.0,0.0093360995850622,4.0,0.0,2.0,0.0,2.0,0.5,,,2.0,0.0,1.0,0.0,117.0,0.0085470085470085,8.0,0.0,30.0,0.0333333333333333,4.0,0.0,10.0,0.0,7.0,0.0
2020-05-16 00:00:00,10154,0.0367342919046681,1700.0,0.0211764705882353,46.0,0.10869565217391301,2.0,0.0,925.0,0.0778378378378378,1.0,0.0,709.0,0.0042313117066291,8.0,0.0,48.0,0.2083333333333334,3.0,0.0,322.0,0.0217391304347826,125.0,0.016,1328.0,0.0271084337349398,100.0,0.03,155.0,0.1161290322580645,2.0,0.0,350.0,0.0085714285714286,1.0,0.0,5416.0,0.0363737075332349,1410.0,0.0212765957446809,28.0,0.0714285714285714,,,,,,,1.0,0.0,,,24.0,0.0,15.0,0.0,192.0,0.046875,6.0,0.0,519.0,0.0096339113680154,9.0,0.0
2020-05-15 00:00:00,7183,0.05485173325908401,4515.0,0.0299003322259136,184.0,0.0489130434782609,4.0,0.0,429.0,0.0815850815850816,74.0,0.0405405405405405,227.0,0.0176211453744493,144.0,0.0,28.0,0.4642857142857144,5.0,0.0,301.0,0.0431893687707641,248.0,0.0483870967741936,817.0,0.0318237454100367,424.0,0.0377358490566038,187.0,0.0802139037433155,17.0,0.1176470588235294,146.0,0.0547945205479452,113.0,0.0265486725663717,3913.0,0.0569895221058012,3262.0,0.0278969957081545,20.0,0.0,6.0,0.0,3.0,0.0,3.0,0.0,7.0,0.0,2.0,0.0,78.0,0.0,80.0,0.0,591.0,0.0659898477157361,34.0,0.0294117647058824,101.0,0.0,35.0,0.0285714285714286
2020-05-14 00:00:00,5580,0.0612903225806452,3797.0,0.0342375559652357,105.0,0.1619047619047619,1.0,0.0,198.0,0.1212121212121212,85.0,0.0235294117647059,179.0,0.005586592178771,78.0,0.0769230769230769,50.0,0.1,8.0,0.0,248.0,0.0806451612903226,186.0,0.0268817204301075,773.0,0.0543337645536869,355.0,0.047887323943662,139.0,0.158273381294964,16.0,0.125,81.0,0.0246913580246914,98.0,0.0510204081632653,3296.0,0.0573422330097087,2762.0,0.0300506879073135,4.0,0.0,3.0,0.0,5.0,0.0,2.0,0.5,4.0,0.0,3.0,0.0,206.0,0.0,51.0,0.0,94.0,0.1276595744680851,24.0,0.1666666666666667,47.0,0.0,33.0,0.0
2020-05-13 00:00:00,5815,0.044883920894239,3848.0,0.0337837837837838,80.0,0.1,3.0,0.0,241.0,0.0995850622406639,169.0,0.0177514792899408,148.0,0.0135135135135135,118.0,0.0254237288135593,25.0,0.16,4.0,0.25,245.0,0.0448979591836735,335.0,0.0388059701492537,630.0,0.0317460317460317,390.0,0.0358974358974359,157.0,0.1146496815286624,12.0,0.0,94.0,0.0212765957446809,95.0,0.0315789473684211,3836.0,0.0377997914494265,2415.0,0.032712215320910995,13.0,0.1538461538461539,2.0,0.0,5.0,0.0,3.0,0.0,8.0,0.0,1.0,0.0,61.0,0.0163934426229508,52.0,0.0576923076923077,119.0,0.184873949579832,37.0,0.0,36.0,0.0,33.0,0.0606060606060606
2020-05-12 00:00:00,6355,0.0500393391030685,3878.0,0.0281072717895823,101.0,0.0891089108910891,4.0,0.0,180.0,0.1166666666666667,124.0,0.0161290322580645,152.0,0.0131578947368421,123.0,0.016260162601626,18.0,0.1666666666666667,3.0,0.0,290.0,0.0206896551724138,252.0,0.0079365079365079,757.0,0.0396301188903567,442.0,0.0407239819004525,98.0,0.2346938775510204,13.0,0.0,105.0,0.0476190476190476,57.0,0.0,4272.0,0.0454119850187266,2549.0,0.0290309925460965,33.0,0.3636363636363637,2.0,0.0,4.0,0.0,1.0,0.0,7.0,0.0,6.0,0.0,59.0,0.0,34.0,0.0294117647058824,93.0,0.0967741935483871,35.0,0.0571428571428571,43.0,0.0,39.0,0.0512820512820513
2020-05-11 00:00:00,6098,0.0554280091833388,4195.0,0.0300357568533969,103.0,0.1747572815533981,,,149.0,0.1073825503355705,108.0,0.0277777777777778,142.0,0.0070422535211268,284.0,0.0140845070422535,25.0,0.32,12.0,0.0,401.0,0.0523690773067332,345.0,0.0144927536231884,966.0,0.0320910973084886,518.0,0.028957528957528997,142.0,0.1267605633802817,17.0,0.0,95.0,0.0631578947368421,72.0,0.0416666666666667,3727.0,0.0555406493158036,2494.0,0.0332798716920609,5.0,0.0,1.0,0.0,1.0,0.0,3.0,0.0,7.0,0.0,3.0,0.0,35.0,0.0285714285714286,51.0,0.0,108.0,0.0648148148148148,35.0,0.0857142857142857,56.0,0.0,35.0,0.0
2020-05-10 00:00:00,1627,0.0626920712968654,444.0,0.0202702702702703,19.0,0.1578947368421053,,,21.0,0.1428571428571429,2.0,0.0,35.0,0.0,2.0,0.0,2.0,0.0,1.0,0.0,95.0,0.0105263157894737,42.0,0.0238095238095238,213.0,0.0657276995305164,59.0,0.0169491525423729,25.0,0.32,1.0,0.0,22.0,0.0454545454545455,,,1083.0,0.0600184672206833,311.0,0.022508038585209,3.0,0.3333333333333333,2.0,0.0,3.0,0.0,,,3.0,0.0,,,18.0,0.0,10.0,0.0,32.0,0.09375,4.0,0.0,9.0,0.0,3.0,0.0
2020-05-09 00:00:00,9006,0.0332000888296691,961.0,0.0228928199791883,53.0,0.0566037735849057,1.0,0.0,812.0,0.061576354679803,4.0,0.25,792.0,0.0025252525252525,9.0,0.0,11.0,0.3636363636363637,2.0,0.0,196.0,0.0357142857142857,60.0,0.0166666666666667,799.0,0.0413016270337922,89.0,0.0112359550561798,174.0,0.0172413793103448,2.0,0.0,474.0,0.0063291139240506,13.0,0.2307692307692308,4714.0,0.0362749257530759,751.0,0.0213049267643143,6.0,0.0,,,,,,,3.0,0.0,,,16.0,0.0,10.0,0.0,379.0,0.0527704485488127,2.0,0.0,505.0,0.0039603960396039995,7.0,0.0
2020-05-08 00:00:00,5714,0.0421771088554428,5025.0,0.0250746268656716,116.0,0.1637931034482759,1.0,0.0,73.0,0.1506849315068493,150.0,0.0066666666666667,137.0,0.0145985401459854,380.0,0.0157894736842105,30.0,0.0,2.0,0.0,282.0,0.0638297872340426,347.0,0.0259365994236311,697.0,0.0344332855093257,579.0,0.0328151986183074,66.0,0.1666666666666667,10.0,0.1,97.0,0.0824742268041237,50.0,0.02,3941.0,0.0342552651611266,3259.0,0.0257747775391224,13.0,0.0,8.0,0.0,3.0,0.0,2.0,0.0,7.0,0.0,6.0,0.0,74.0,0.0,37.0,0.0,84.0,0.0833333333333333,53.0,0.0,29.0,0.0,51.0,0.0196078431372549
2020-05-07 00:00:00,5680,0.0496478873239437,4326.0,0.0298196948682386,64.0,0.0625,2.0,0.0,90.0,0.0777777777777778,194.0,0.0051546391752577,130.0,0.0692307692307692,264.0,0.0075757575757576,40.0,0.15,4.0,0.0,240.0,0.05,265.0,0.0188679245283019,1030.0,0.0223300970873786,484.0,0.0351239669421488,58.0,0.1896551724137931,14.0,0.1428571428571429,72.0,0.0972222222222222,41.0,0.0,3731.0,0.0501206110962209,2742.0,0.0309992706053975,6.0,0.0,1.0,0.0,1.0,0.0,1.0,0.0,7.0,0.2857142857142857,2.0,0.0,67.0,0.0,22.0,0.0,62.0,0.1451612903225807,45.0,0.0666666666666667,31.0,0.0,27.0,0.037037037037037
2020-05-06 00:00:00,4337,0.0657136269310583,4276.0,0.0285313376987839,76.0,0.1842105263157895,4.0,0.0,73.0,0.1780821917808219,125.0,0.016,106.0,0.0,276.0,0.0144927536231884,27.0,0.037037037037037,2.0,0.0,199.0,0.0653266331658292,223.0,0.0269058295964126,653.0,0.0413476263399694,359.0,0.0389972144846797,77.0,0.2727272727272727,19.0,0.0,67.0,0.0597014925373134,67.0,0.0447761194029851,2651.0,0.0645039607695209,2654.0,0.0293896006028636,169.0,0.0,214.0,0.0093457943925234,3.0,0.0,,,12.0,0.0,3.0,0.0,29.0,0.0,95.0,0.0315789473684211,86.0,0.18604651162790697,36.0,0.0,38.0,0.0263157894736842,32.0,0.0
2020-05-05 00:00:00,4434,0.06202074875958499,4215.0,0.0313167259786477,117.0,0.1367521367521368,1.0,1.0,74.0,0.0810810810810811,197.0,0.0101522842639594,97.0,0.0309278350515464,92.0,0.0326086956521739,10.0,0.2,2.0,0.0,263.0,0.0570342205323194,274.0,0.0547445255474453,807.0,0.0446096654275093,426.0,0.039906103286385,110.0,0.1636363636363636,9.0,0.0,67.0,0.0597014925373134,25.0,0.0,2649.0,0.0607776519441299,2920.0,0.0256849315068493,13.0,0.1538461538461539,1.0,0.0,4.0,0.0,2.0,0.0,23.0,0.0,8.0,0.0,30.0,0.0666666666666667,20.0,0.05,57.0,0.1578947368421053,39.0,0.0769230769230769,51.0,0.0,25.0,0.08
2020-05-04 00:00:00,4320,0.0715277777777778,4189.0,0.0284077345428503,74.0,0.1351351351351352,2.0,0.0,73.0,0.1506849315068493,221.0,0.0090497737556561,68.0,0.0147058823529412,154.0,0.0454545454545455,8.0,0.0,,,270.0,0.1074074074074074,254.0,0.0196850393700787,765.0,0.0470588235294118,419.0,0.0167064439140811,119.0,0.1512605042016807,13.0,0.3076923076923077,74.0,0.0945945945945946,23.0,0.0,2614.0,0.0665646518745218,2879.0,0.0295241403265023,17.0,0.0588235294117647,2.0,0.0,3.0,0.0,4.0,0.0,16.0,0.0,2.0,0.0,26.0,0.0384615384615385,13.0,0.0,93.0,0.1720430107526882,29.0,0.0,42.0,0.0,34.0,0.0
2020-05-03 00:00:00,1147,0.0680034873583261,385.0,0.051948051948052,29.0,0.1379310344827586,,,23.0,0.2608695652173913,,,26.0,0.1153846153846154,3.0,0.0,3.0,0.0,2.0,0.0,66.0,0.0151515151515152,24.0,0.0833333333333333,197.0,0.0558375634517767,35.0,0.0,30.0,0.1666666666666667,2.0,0.0,28.0,0.0,1.0,0.0,672.0,0.0639880952380952,295.0,0.0610169491525424,5.0,0.0,,,3.0,0.0,,,1.0,0.0,1.0,0.0,6.0,0.0,5.0,0.0,10.0,0.3,3.0,0.0,16.0,0.0,6.0,0.0
2020-05-02 00:00:00,5033,0.0403337969401947,478.0,0.0230125523012552,32.0,0.0625,,,270.0,0.0407407407407407,,,632.0,0.0110759493670886,8.0,0.0,14.0,0.0714285714285714,6.0,0.1666666666666667,166.0,0.0481927710843374,31.0,0.032258064516129,645.0,0.0403100775193798,54.0,0.0,24.0,0.1666666666666667,2.0,0.5,234.0,0.0213675213675214,2.0,0.0,2481.0,0.0455461507456671,298.0,0.023489932885906003,6.0,0.0,1.0,0.0,1.0,0.0,,,3.0,0.0,,,15.0,0.0,9.0,0.0,440.0,0.0545454545454545,16.0,0.0625,14.0,0.0,2.0,0.0
2020-05-01 00:00:00,3822,0.0614861329147044,3685.0,0.0442333785617368,94.0,0.2127659574468085,,,45.0,0.1333333333333333,32.0,0.03125,141.0,0.0425531914893617,57.0,0.0175438596491228,11.0,0.0,4.0,0.0,230.0,0.0565217391304348,245.0,0.0163265306122449,521.0,0.0326295585412668,485.0,0.0577319587628866,151.0,0.15231788079470202,13.0,0.3846153846153847,78.0,0.0641025641025641,32.0,0.03125,2384.0,0.0553691275167785,2562.0,0.0417642466822795,6.0,0.1666666666666667,1.0,0.0,1.0,0.0,2.0,0.0,13.0,0.0769230769230769,4.0,0.0,20.0,0.05,17.0,0.0,37.0,0.1081081081081081,57.0,0.087719298245614,29.0,0.0,24.0,0.0833333333333333
2020-04-30 00:00:00,3296,0.0752427184466019,3020.0,0.0304635761589404,62.0,0.2419354838709678,2.0,0.0,16.0,0.25,21.0,0.0476190476190476,112.0,0.0803571428571429,49.0,0.0204081632653061,13.0,0.0769230769230769,,,212.0,0.089622641509434,155.0,0.032258064516129,478.0,0.0418410041841004,481.0,0.0353430353430353,60.0,0.2166666666666667,6.0,0.0,26.0,0.0769230769230769,29.0,0.0,2145.0,0.0685314685314685,2141.0,0.0280242877160206,10.0,0.0,,,4.0,0.0,1.0,0.0,7.0,0.0,3.0,0.0,16.0,0.0,11.0,0.0,36.0,0.3333333333333333,52.0,0.0961538461538462,35.0,0.0285714285714286,23.0,0.0434782608695652
2020-04-29 00:00:00,3003,0.0772560772560773,2724.0,0.0345080763582966,76.0,0.2368421052631579,,,37.0,0.1081081081081081,30.0,0.0333333333333333,59.0,0.152542372881356,29.0,0.0344827586206897,6.0,0.0,1.0,0.0,166.0,0.0421686746987952,103.0,0.029126213592232997,370.0,0.0432432432432432,479.0,0.0521920668058455,73.0,0.1643835616438356,10.0,0.1,26.0,0.1153846153846154,23.0,0.0434782608695652,2035.0,0.0756756756756757,1960.0,0.0306122448979592,3.0,0.3333333333333333,,,1.0,0.0,4.0,0.0,24.0,0.0416666666666667,4.0,0.0,18.0,0.0,16.0,0.0625,28.0,0.1785714285714286,25.0,0.0,20.0,0.0,13.0,0.0
2020-04-28 00:00:00,3070,0.0771986970684039,1824.0,0.0328947368421053,99.0,0.2121212121212121,,,15.0,0.0,26.0,0.0,54.0,0.0185185185185185,30.0,0.0666666666666667,7.0,0.1428571428571429,3.0,0.0,185.0,0.0540540540540541,86.0,0.0348837209302326,353.0,0.0424929178470255,297.0,0.0606060606060606,81.0,0.2839506172839506,9.0,0.0,31.0,0.1612903225806452,36.0,0.0277777777777778,2119.0,0.0689004247286456,1285.0,0.0272373540856031,2.0,0.0,,,1.0,0.0,,,10.0,0.1,2.0,0.0,12.0,0.0,6.0,0.0,43.0,0.2558139534883721,13.0,0.0,11.0,0.0,8.0,0.125
2020-04-27 00:00:00,2749,0.1040378319388869,1134.0,0.0396825396825397,123.0,0.2682926829268293,1.0,0.0,23.0,0.0869565217391304,19.0,0.0,59.0,0.0169491525423729,29.0,0.0344827586206897,6.0,0.1666666666666667,1.0,0.0,179.0,0.1508379888268157,79.0,0.0506329113924051,308.0,0.0487012987012987,122.0,0.0081967213114754,70.0,0.2571428571428571,13.0,0.0,24.0,0.0,8.0,0.0,1795.0,0.0935933147632312,823.0,0.0461725394896719,2.0,0.0,,,1.0,0.0,1.0,0.0,19.0,0.0,,,15.0,0.0666666666666667,4.0,0.0,47.0,0.3191489361702128,19.0,0.0,25.0,0.0,3.0,0.0
2020-04-26 00:00:00,658,0.1124620060790274,6.0,0.1666666666666667,47.0,0.2978723404255319,,,2.0,0.0,,,18.0,0.0555555555555556,,,,,,,32.0,0.09375,1.0,0.0,87.0,0.0919540229885058,2.0,0.0,25.0,0.2,,,6.0,0.0,,,382.0,0.0942408376963351,3.0,0.3333333333333333,,,,,3.0,0.0,,,2.0,0.0,,,5.0,0.0,,,14.0,0.3571428571428572,,,7.0,0.0,,
2020-04-25 00:00:00,867,0.1130334486735871,20.0,0.05,27.0,0.1111111111111111,,,2.0,0.5,,,15.0,0.1333333333333333,,,2.0,0.0,,,55.0,0.1272727272727273,1.0,0.0,111.0,0.0630630630630631,4.0,0.0,21.0,0.3333333333333333,,,2.0,0.0,,,559.0,0.1091234347048301,14.0,0.0714285714285714,12.0,0.0,,,,,,,4.0,0.25,,,6.0,0.1666666666666667,,,18.0,0.2222222222222222,,,8.0,0.0,1.0,0.0
2020-04-24 00:00:00,2369,0.0920219501899536,149.0,0.0134228187919463,87.0,0.2183908045977012,,,17.0,0.2941176470588236,1.0,0.0,48.0,0.0208333333333333,,,7.0,0.0,,,132.0,0.0833333333333333,12.0,0.0,316.0,0.0759493670886076,18.0,0.0555555555555556,83.0,0.1927710843373494,,,48.0,0.1041666666666667,2.0,0.0,1491.0,0.0804828973843058,112.0,0.0089285714285714,18.0,0.0,,,1.0,0.0,,,10.0,0.2,,,14.0,0.0,,,29.0,0.3448275862068966,1.0,0.0,21.0,0.0476190476190476,,
2020-04-23 00:00:00,2050,0.0634146341463415,25.0,0.12,102.0,0.1274509803921569,,,17.0,0.1764705882352941,,,70.0,0.0,,,13.0,0.0,,,122.0,0.0491803278688525,6.0,0.1666666666666667,286.0,0.0839160839160839,2.0,0.0,65.0,0.1692307692307693,1.0,0.0,20.0,0.0,,,1177.0,0.0552251486830926,16.0,0.125,10.0,0.0,,,2.0,0.0,,,6.0,0.0,,,43.0,0.0232558139534884,,,58.0,0.0689655172413793,,,29.0,0.0,,
2020-04-22 00:00:00,1958,0.0812053115423902,5.0,0.0,79.0,0.3417721518987342,,,12.0,0.25,,,51.0,0.0196078431372549,,,8.0,0.0,,,94.0,0.0957446808510638,,,258.0,0.0736434108527132,1.0,0.0,58.0,0.2758620689655173,,,22.0,0.0,,,1273.0,0.0573448546739984,4.0,0.0,5.0,0.0,,,2.0,0.0,,,7.0,0.0,,,8.0,0.0,,,19.0,0.368421052631579,,,21.0,0.0,,
2020-04-21 00:00:00,1905,0.0918635170603675,5.0,0.6,72.0,0.125,,,19.0,0.1052631578947368,,,50.0,0.02,,,19.0,0.1052631578947368,,,115.0,0.0695652173913044,,,212.0,0.0707547169811321,,,103.0,0.2330097087378641,,,33.0,0.1212121212121212,,,1144.0,0.0847902097902098,5.0,0.6,5.0,0.0,,,5.0,0.0,,,2.0,0.0,,,26.0,0.0,,,30.0,0.1666666666666667,,,30.0,0.0666666666666667,,
2020-04-20 00:00:00,2119,0.1307220386974988,9.0,0.1111111111111111,115.0,0.208695652173913,,,29.0,0.3103448275862069,,,57.0,0.0,1.0,0.0,16.0,0.1875,,,130.0,0.1076923076923077,,,252.0,0.1547619047619048,,,102.0,0.2156862745098039,,,41.0,0.2195121951219512,1.0,0.0,1192.0,0.1073825503355705,6.0,0.1666666666666667,1.0,0.0,,,2.0,0.0,,,6.0,0.5,,,26.0,0.0384615384615385,1.0,0.0,64.0,0.265625,,,30.0,0.0666666666666667,,
2020-04-19 00:00:00,681,0.1483113069016153,2.0,0.5,27.0,0.4444444444444444,,,11.0,0.1818181818181818,,,24.0,0.0,1.0,1.0,1.0,0.0,,,67.0,0.0746268656716418,,,57.0,0.2105263157894737,,,36.0,0.5555555555555556,,,9.0,0.0,,,389.0,0.1105398457583548,1.0,0.0,3.0,0.0,,,2.0,0.0,,,3.0,0.0,,,1.0,0.0,,,23.0,0.2173913043478261,,,8.0,0.0,,
2020-04-18 00:00:00,707,0.14002828854314,4.0,0.25,16.0,0.25,,,9.0,0.0,,,21.0,0.0476190476190476,,,2.0,0.0,,,53.0,0.1320754716981132,,,62.0,0.1612903225806452,,,46.0,0.2826086956521739,,,20.0,0.05,1.0,0.0,407.0,0.1203931203931204,3.0,0.3333333333333333,2.0,0.0,,,,,,,,,,,10.0,0.0,,,29.0,0.3793103448275862,,,14.0,0.1428571428571429,,
2020-04-17 00:00:00,1938,0.0939112487100103,14.0,0.2857142857142857,147.0,0.1496598639455782,,,27.0,0.1111111111111111,,,43.0,0.0,,,8.0,0.25,,,106.0,0.1226415094339623,,,227.0,0.118942731277533,1.0,0.0,128.0,0.109375,,,41.0,0.024390243902439,,,1058.0,0.0831758034026465,12.0,0.25,2.0,0.0,,,3.0,0.0,,,4.0,0.0,,,17.0,0.0,,,88.0,0.0795454545454546,1.0,1.0,22.0,0.1363636363636364,,
2020-04-16 00:00:00,1775,0.1059154929577465,4.0,0.0,82.0,0.1707317073170732,,,27.0,0.0,,,72.0,0.0138888888888889,1.0,0.0,2.0,0.5,,,115.0,0.1217391304347826,1.0,0.0,276.0,0.1956521739130435,,,85.0,0.2705882352941177,,,29.0,0.103448275862069,,,966.0,0.0693581780538302,2.0,0.0,1.0,0.0,,,1.0,0.0,,,6.0,0.0,,,34.0,0.0294117647058824,,,35.0,0.2,,,26.0,0.0769230769230769,,
2020-04-15 00:00:00,1719,0.1035485747527632,7.0,0.5714285714285714,123.0,0.2195121951219512,,,25.0,0.04,,,56.0,0.0178571428571429,,,9.0,0.4444444444444444,,,123.0,0.1138211382113821,,,211.0,0.1184834123222749,,,77.0,0.1428571428571429,,,31.0,0.0,,,949.0,0.0811380400421496,7.0,0.5714285714285714,,,,,3.0,0.0,,,11.0,0.0,,,10.0,0.1,,,31.0,0.2580645161290323,,,23.0,0.0869565217391304,,
2020-04-14 00:00:00,1682,0.1087990487514863,4.0,0.0,62.0,0.2741935483870968,,,18.0,0.0,,,56.0,0.0,,,3.0,0.3333333333333333,,,114.0,0.1228070175438597,,,184.0,0.1684782608695652,,,68.0,0.2058823529411765,,,21.0,0.0476190476190476,,,1004.0,0.0776892430278885,4.0,0.0,2.0,0.0,,,5.0,0.0,,,1.0,0.0,,,26.0,0.0769230769230769,,,46.0,0.3043478260869566,,,27.0,0.037037037037037,,
2020-04-13 00:00:00,1795,0.1231197771587744,5.0,0.4,74.0,0.1891891891891892,,,16.0,0.125,,,70.0,0.0142857142857143,,,10.0,0.3,,,109.0,0.0642201834862385,,,233.0,0.1716738197424893,,,87.0,0.3448275862068966,,,37.0,0.1621621621621622,,,1011.0,0.0870425321463897,5.0,0.4,4.0,0.0,,,7.0,0.0,,,1.0,0.0,,,13.0,0.0,,,60.0,0.35,,,21.0,0.1904761904761905,,
2020-04-12 00:00:00,658,0.1261398176291793,,,27.0,0.3333333333333333,,,13.0,0.1538461538461539,,,11.0,0.0,,,1.0,0.0,,,47.0,0.1063829787234043,,,65.0,0.2461538461538462,,,36.0,0.5,,,13.0,0.0,,,328.0,0.0609756097560976,,,3.0,0.3333333333333333,,,,,,,1.0,0.0,,,62.0,0.0,,,21.0,0.38095238095238104,,,11.0,0.0,,
2020-04-11 00:00:00,638,0.1128526645768025,1.0,0.0,22.0,0.2727272727272727,,,10.0,0.2,,,25.0,0.04,,,,,,,34.0,0.1764705882352941,,,69.0,0.1449275362318841,,,17.0,0.3529411764705883,,,14.0,0.0,,,383.0,0.0757180156657964,1.0,0.0,,,,,,,,,1.0,0.0,,,4.0,0.25,,,23.0,0.3478260869565218,,,6.0,0.1666666666666667,,
2020-04-10 00:00:00,1525,0.1088524590163934,4.0,0.0,49.0,0.2857142857142857,,,29.0,0.0,,,60.0,0.0,,,3.0,0.0,,,84.0,0.0952380952380952,,,206.0,0.2184466019417476,,,70.0,0.2428571428571429,,,32.0,0.15625,,,882.0,0.0702947845804989,4.0,0.0,2.0,0.0,,,1.0,0.0,,,2.0,0.0,,,8.0,0.0,,,38.0,0.2105263157894737,,,10.0,0.0,,
2020-04-09 00:00:00,1676,0.1068019093078759,6.0,0.0,40.0,0.175,,,35.0,0.0,,,75.0,0.0266666666666667,,,6.0,0.0,,,115.0,0.1304347826086957,,,164.0,0.201219512195122,,,66.0,0.2424242424242425,,,30.0,0.2333333333333334,,,1006.0,0.0775347912524851,6.0,0.0,2.0,0.0,,,2.0,0.0,,,4.0,0.0,,,15.0,0.0,,,44.0,0.2954545454545455,,,25.0,0.12,,
2020-04-08 00:00:00,1530,0.1156862745098039,,,83.0,0.1325301204819277,,,24.0,0.0833333333333333,,,57.0,0.0175438596491228,,,5.0,0.2,,,82.0,0.0609756097560976,,,208.0,0.1346153846153846,,,73.0,0.3561643835616438,,,26.0,0.0,,,862.0,0.1055684454756381,,,1.0,0.0,,,2.0,0.0,,,4.0,0.0,,,15.0,0.0,,,22.0,0.3181818181818182,,,20.0,0.0,,
2020-04-07 00:00:00,1706,0.0973036342321219,,,66.0,0.0909090909090909,,,10.0,0.1,,,58.0,0.0,,,7.0,0.1428571428571429,,,111.0,0.027027027027027,,,215.0,0.1302325581395349,,,64.0,0.390625,,,36.0,0.0833333333333333,,,1023.0,0.0801564027370479,,,4.0,0.0,,,4.0,0.25,,,11.0,0.0,,,11.0,0.0,,,36.0,0.3333333333333333,,,16.0,0.0625,,
2020-04-06 00:00:00,2133,0.0993905297702766,,,53.0,0.169811320754717,,,24.0,0.0416666666666667,,,111.0,0.009009009009009002,,,7.0,0.1428571428571429,,,127.0,0.0393700787401575,,,241.0,0.1369294605809129,,,84.0,0.3095238095238096,,,35.0,0.0857142857142857,,,1294.0,0.0842349304482226,,,7.0,0.1428571428571429,,,3.0,0.0,,,6.0,0.0,,,19.0,0.0,,,43.0,0.3488372093023256,,,30.0,0.1,,
2020-04-05 00:00:00,656,0.1143292682926829,,,18.0,0.0,,,11.0,0.0909090909090909,,,20.0,0.0,,,,,,,29.0,0.1724137931034483,,,67.0,0.20895522388059698,,,25.0,0.2800000000000001,,,15.0,0.0,,,411.0,0.0875912408759124,,,1.0,0.0,,,,,,,,,,,6.0,0.0,,,19.0,0.4210526315789474,,,11.0,0.0,,
2020-04-04 00:00:00,871,0.1274397244546498,,,24.0,0.2916666666666667,,,12.0,0.0833333333333333,,,32.0,0.0625,,,6.0,0.1666666666666667,,,50.0,0.14,,,99.0,0.1616161616161616,,,34.0,0.2647058823529412,,,12.0,0.0833333333333333,,,535.0,0.1140186915887851,,,1.0,0.0,,,,,,,2.0,0.0,,,5.0,0.0,,,17.0,0.2352941176470588,,,18.0,0.0,,
2020-04-03 00:00:00,1821,0.0966501922020868,,,44.0,0.0454545454545455,,,25.0,0.0,,,91.0,0.010989010989011,,,2.0,0.0,,,107.0,0.0841121495327103,,,253.0,0.1185770750988142,,,71.0,0.3380281690140845,,,45.0,0.0666666666666667,,,1066.0,0.0844277673545966,,,,,,,,,,,2.0,0.0,,,15.0,0.0,,,33.0,0.3636363636363637,,,27.0,0.0,,
2020-04-02 00:00:00,1950,0.0738461538461539,,,24.0,0.0833333333333333,,,26.0,0.0,,,109.0,0.0275229357798165,,,8.0,0.0,,,122.0,0.0573770491803279,,,225.0,0.12,,,65.0,0.1846153846153846,,,41.0,0.024390243902439,,,1186.0,0.0640809443507589,,,2.0,0.0,,,2.0,0.0,,,5.0,0.0,,,16.0,0.0,,,38.0,0.1842105263157895,,,24.0,0.0416666666666667,,
2020-04-01 00:00:00,1901,0.0804839558127301,,,35.0,0.0571428571428571,,,30.0,0.0666666666666667,,,92.0,0.0543478260869565,,,8.0,0.125,,,131.0,0.0381679389312977,,,212.0,0.1037735849056604,,,106.0,0.2452830188679246,,,39.0,0.0,,,1106.0,0.0632911392405063,,,2.0,0.0,,,,,,,11.0,0.0,,,22.0,0.0454545454545455,,,34.0,0.2941176470588236,,,24.0,0.125,,
2020-03-31 00:00:00,1861,0.0811391724879097,,,30.0,0.0,,,21.0,0.0,,,68.0,0.0294117647058824,,,5.0,0.0,,,149.0,0.0805369127516779,,,198.0,0.1363636363636364,,,73.0,0.2054794520547945,,,47.0,0.0425531914893617,,,1132.0,0.0636042402826855,,,2.0,0.0,,,2.0,0.0,,,12.0,0.0,,,6.0,0.0,,,43.0,0.2325581395348837,,,25.0,0.04,,
2020-03-30 00:00:00,1993,0.0883090817862519,,,35.0,0.0,,,42.0,0.0952380952380952,,,96.0,0.0729166666666667,,,8.0,0.0,,,129.0,0.0852713178294574,,,241.0,0.0788381742738589,,,68.0,0.3088235294117647,,,33.0,0.0909090909090909,,,1193.0,0.0737636211232188,,,4.0,0.0,,,2.0,0.0,,,9.0,0.0,,,16.0,0.0625,,,41.0,0.3414634146341464,,,24.0,0.0416666666666667,,
2020-03-29 00:00:00,598,0.1204013377926422,,,15.0,0.0666666666666667,,,10.0,0.0,,,18.0,0.2222222222222222,,,,,,,39.0,0.0256410256410256,,,61.0,0.1475409836065574,,,32.0,0.34375,,,14.0,0.0,,,335.0,0.0925373134328358,,,2.0,0.0,,,,,,,2.0,0.0,,,4.0,0.0,,,23.0,0.2608695652173913,,,13.0,0.0,,
2020-03-28 00:00:00,1004,0.1035856573705179,,,19.0,0.0526315789473684,,,9.0,0.1111111111111111,,,20.0,0.0,,,3.0,0.0,,,66.0,0.0303030303030303,,,132.0,0.143939393939394,,,31.0,0.2580645161290323,,,13.0,0.0769230769230769,,,630.0,0.0904761904761905,,,,,,,,,,,,,,,4.0,0.0,,,29.0,0.4482758620689655,,,11.0,0.0,,
2020-03-27 00:00:00,1998,0.0610610610610611,,,28.0,0.0714285714285714,,,13.0,0.0,,,96.0,0.0416666666666667,,,1.0,0.0,,,143.0,0.013986013986014,,,285.0,0.0596491228070175,,,43.0,0.18604651162790697,,,43.0,0.0465116279069767,,,1239.0,0.062953995157385,,,3.0,0.0,,,2.0,0.5,,,8.0,0.0,,,16.0,0.0,,,33.0,0.2424242424242425,,,18.0,0.0,,
2020-03-26 00:00:00,2050,0.07121951219512201,,,25.0,0.04,,,14.0,0.2142857142857143,,,116.0,0.0603448275862069,,,5.0,0.0,,,137.0,0.0510948905109489,,,291.0,0.0652920962199313,,,52.0,0.3653846153846154,,,41.0,0.0731707317073171,,,1255.0,0.0565737051792829,,,2.0,0.0,,,2.0,0.0,,,8.0,0.0,,,13.0,0.0,,,24.0,0.375,,,17.0,0.0,,
2020-03-25 00:00:00,2326,0.0653482373172829,,,40.0,0.05,,,13.0,0.0,,,60.0,0.0333333333333333,,,10.0,0.0,,,125.0,0.064,,,354.0,0.0508474576271187,,,41.0,0.1707317073170732,,,31.0,0.0,,,1508.0,0.0643236074270557,,,5.0,0.0,,,1.0,0.0,,,3.0,0.0,,,19.0,0.0,,,33.0,0.2727272727272727,,,26.0,0.0,,
2020-03-24 00:00:00,2202,0.0617620345140781,,,24.0,0.0,,,19.0,0.0526315789473684,,,67.0,0.0298507462686567,,,8.0,0.0,,,115.0,0.0608695652173913,,,315.0,0.0761904761904762,,,49.0,0.0408163265306122,,,47.0,0.0212765957446809,,,1426.0,0.061711079943899,,,2.0,0.5,,,3.0,0.0,,,9.0,0.0,,,18.0,0.0555555555555556,,,34.0,0.1764705882352941,,,25.0,0.04,,
2020-03-23 00:00:00,2171,0.0658682634730539,,,39.0,0.0512820512820513,,,19.0,0.0526315789473684,,,71.0,0.0,,,6.0,0.0,,,85.0,0.0470588235294118,,,357.0,0.0700280112044818,,,35.0,0.0285714285714286,,,41.0,0.0975609756097561,,,1391.0,0.0690150970524802,,,3.0,0.0,,,5.0,0.0,,,6.0,0.0,,,8.0,0.0,,,36.0,0.1666666666666667,,,25.0,0.0,,
2020-03-22 00:00:00,574,0.0801393728222997,,,24.0,0.0,,,5.0,0.0,,,11.0,0.0909090909090909,,,1.0,0.0,,,31.0,0.0645161290322581,,,103.0,0.0970873786407767,,,22.0,0.1818181818181818,,,35.0,0.0,,,294.0,0.0748299319727891,,,1.0,0.0,,,,,,,,,,,2.0,0.0,,,10.0,0.2,,,6.0,0.1666666666666667,,
2020-03-21 00:00:00,658,0.0683890577507599,,,16.0,0.0625,,,2.0,0.0,,,19.0,0.0,,,5.0,0.2,,,28.0,0.0357142857142857,,,100.0,0.05,,,32.0,0.21875,,,3.0,0.0,,,381.0,0.062992125984252,,,2.0,0.0,,,,,,,2.0,0.0,,,4.0,0.0,,,38.0,0.0263157894736842,,,4.0,0.0,,
2020-03-20 00:00:00,1671,0.0580490724117295,,,88.0,0.0227272727272727,,,11.0,0.0909090909090909,,,69.0,0.0144927536231884,,,5.0,0.0,,,82.0,0.0487804878048781,,,293.0,0.0477815699658703,,,42.0,0.1190476190476191,,,11.0,0.0,,,950.0,0.0652631578947368,,,,,,,1.0,0.0,,,8.0,0.0,,,9.0,0.0,,,38.0,0.0526315789473684,,,15.0,0.0,,
2020-03-19 00:00:00,1478,0.043978349120433,,,56.0,0.0,,,3.0,0.0,,,59.0,0.0169491525423729,,,4.0,0.0,,,82.0,0.0121951219512195,,,229.0,0.0305676855895197,,,48.0,0.1041666666666667,,,20.0,0.0,,,906.0,0.0507726269315673,,,2.0,0.0,,,2.0,0.0,,,3.0,0.0,,,8.0,0.0,,,26.0,0.1153846153846154,,,4.0,0.25,,
2020-03-18 00:00:00,1292,0.0425696594427245,,,20.0,0.05,,,12.0,0.0833333333333333,,,39.0,0.0,,,3.0,0.0,,,85.0,0.0588235294117647,,,202.0,0.0297029702970297,,,21.0,0.1428571428571429,,,23.0,0.0,,,842.0,0.0391923990498812,,,2.0,0.0,,,,,,,3.0,0.0,,,5.0,0.0,,,8.0,0.25,,,7.0,0.0,,
2020-03-17 00:00:00,1211,0.0586292320396367,,,17.0,0.1176470588235294,,,8.0,0.0,,,51.0,0.0,,,7.0,0.0,,,72.0,0.0972222222222222,,,168.0,0.0416666666666667,,,75.0,0.1733333333333334,,,9.0,0.0,,,745.0,0.051006711409396,,,,,,,5.0,0.0,,,5.0,0.0,,,5.0,0.0,,,12.0,0.25,,,6.0,0.0,,
2020-03-16 00:00:00,916,0.0447598253275109,,,5.0,0.0,,,4.0,0.0,,,49.0,0.0204081632653061,,,1.0,0.0,,,43.0,0.0465116279069767,,,137.0,0.0437956204379562,,,15.0,0.0,,,3.0,0.0,,,611.0,0.0458265139116203,,,,,,,8.0,0.0,,,4.0,0.0,,,3.0,0.0,,,14.0,0.2857142857142857,,,5.0,0.0,,
2020-03-15 00:00:00,254,0.0590551181102362,,,1.0,0.0,,,,,,,5.0,0.2,,,,,,,15.0,0.0666666666666667,,,27.0,0.0740740740740741,,,2.0,0.0,,,3.0,0.0,,,174.0,0.0517241379310345,,,1.0,0.0,,,,,,,1.0,0.0,,,5.0,0.0,,,11.0,0.0909090909090909,,,2.0,0.0,,
2020-03-14 00:00:00,211,0.0568720379146919,,,2.0,0.0,,,,,,,4.0,0.0,,,,,,,14.0,0.0,,,30.0,0.1333333333333333,,,4.0,0.75,,,,,,,146.0,0.0342465753424658,,,1.0,0.0,,,,,,,3.0,0.0,,,,,,,,,,,,,,
2020-03-13 00:00:00,406,0.0172413793103448,,,5.0,0.0,,,4.0,0.0,,,5.0,0.0,,,1.0,0.0,,,33.0,0.0606060606060606,,,80.0,0.025,,,7.0,0.0,,,5.0,0.0,,,245.0,0.0122448979591837,,,,,,,2.0,0.0,,,2.0,0.0,,,2.0,0.0,,,10.0,0.0,,,3.0,0.0,,
2020-03-12 00:00:00,286,0.0244755244755245,,,4.0,0.0,,,2.0,0.0,,,6.0,0.0,,,2.0,0.0,,,32.0,0.03125,,,57.0,0.0,,,4.0,0.0,,,1.0,0.0,,,155.0,0.032258064516129,,,,,,,3.0,0.0,,,3.0,0.0,,,1.0,0.0,,,8.0,0.0,,,3.0,0.0,,
2020-03-11 00:00:00,94,0.0319148936170213,,,,,,,2.0,0.0,,,1.0,0.0,,,1.0,0.0,,,5.0,0.0,,,31.0,0.032258064516129,,,4.0,0.0,,,1.0,0.0,,,45.0,0.0222222222222222,,,,,,,1.0,0.0,,,1.0,1.0,,,,,,,2.0,0.0,,,,,,
2020-03-10 00:00:00,45,0.0,,,2.0,0.0,,,,,,,,,,,,,,,2.0,0.0,,,8.0,0.0,,,5.0,0.0,,,,,,,23.0,0.0,,,,,,,1.0,0.0,,,1.0,0.0,,,1.0,0.0,,,1.0,0.0,,,1.0,0.0,,
2020-03-09 00:00:00,44,0.0227272727272727,,,,,,,,,,,6.0,0.0,,,,,,,5.0,0.2,,,3.0,0.0,,,,,,,,,,,25.0,0.0,,,,,,,,,,,,,,,2.0,0.0,,,2.0,0.0,,,1.0,0.0,,
2020-03-08 00:00:00,7,0.0,,,,,,,,,,,,,,,,,,,,,,,1.0,0.0,,,2.0,0.0,,,,,,,3.0,0.0,,,,,,,,,,,,,,,,,,,1.0,0.0,,,,,,
2020-03-07 00:00:00,3,0.0,,,,,,,,,,,,,,,,,,,,,,,,,,,,,,,1.0,0.0,,,2.0,0.0,,,,,,,,,,,,,,,,,,,,,,,,,,
2020-03-06 00:00:00,20,0.1,,,,,,,,,,,1.0,0.0,,,,,,,2.0,0.5,,,1.0,0.0,,,,,,,1.0,0.0,,,11.0,0.0909090909090909,,,,,,,,,,,1.0,0.0,,,,,,,,,,,3.0,0.0,,
2020-03-05 00:00:00,8,0.125,,,,,,,,,,,,,,,,,,,1.0,0.0,,,,,,,,,,,2.0,0.0,,,4.0,0.25,,,,,,,,,,,,,,,,,,,1.0,0.0,,,,,,
2020-03-04 00:00:00,11,0.0909090909090909,,,,,,,,,,,,,,,,,,,,,,,2.0,0.5,,,,,,,,,,,8.0,0.0,,,,,,,,,,,,,,,,,,,1.0,0.0,,,,,,
2020-03-03 00:00:00,1,0.0,,,,,,,,,,,,,,,,,,,,,,,,,,,,,,,,,,,1.0,0.0,,,,,,,,,,,,,,,,,,,,,,,,,,
2020-03-02 00:00:00,5,0.4,,,,,,,1.0,0.0,,,1.0,1.0,,,,,,,1.0,0.0,,,,,,,,,,,1.0,0.0,,,1.0,1.0,,,,,,,,,,,,,,,,,,,,,,,,,,
2020-03-01 00:00:00,3,0.0,,,,,,,,,,,,,,,,,,,1.0,0.0,,,1.0,0.0,,,,,,,,,,,1.0,0.0,,,,,,,,,,,,,,,,,,,,,,,,,,
2020-02-28 00:00:00,1,0.0,,,,,,,,,,,,,,,,,,,,,,,,,,,,,,,,,,,1.0,0.0,,,,,,,,,,,,,,,,,,,,,,,,,,
2020-02-27 00:00:00,6,0.3333333333333333,,,,,,,,,,,1.0,0.0,,,,,,,,,,,1.0,0.0,,,,,,,,,,,4.0,0.5,,,,,,,,,,,,,,,,,,,,,,,,,,
2020-02-26 00:00:00,5,0.0,,,,,,,,,,,,,,,,,,,,,,,1.0,0.0,,,,,,,,,,,4.0,0.0,,,,,,,,,,,,,,,,,,,,,,,,,,
2020-02-25 00:00:00,4,0.0,,,,,,,,,,,,,,,,,,,1.0,0.0,,,,,,,,,,,,,,,3.0,0.0,,,,,,,,,,,,,,,,,,,,,,,,,,
2020-02-24 00:00:00,1,0.0,,,,,,,,,,,,,,,,,,,,,,,,,,,,,,,,,,,1.0,0.0,,,,,,,,,,,,,,,,,,,,,,,,,,
2020-02-23 00:00:00,1,0.0,,,1.0,0.0,,,,,,,,,,,,,,,,,,,,,,,,,,,,,,,,,,,,,,,,,,,,,,,,,,,,,,,,,,
2020-02-08 00:00:00,1,0.0,,,,,,,,,,,,,,,,,,,,,,,1.0,0.0,,,,,,,,,,,,,,,,,,,,,,,,,,,,,,,,,,,,,,
2020-02-03 00:00:00,1,0.0,,,,,,,,,,,,,,,,,,,,,,,1.0,0.0,,,,,,,,,,,,,,,,,,,,,,,,,,,,,,,,,,,,,,
